Gioi_Tinh,Nam_Hoc,Khoi_Nganh,Diem_TB_Ky_Truoc,Ngay_On_Thi,Gio_Tu_Hoc_Tuan,Gio_Hoc_Nhom_Tuan,Tong_Thoi_Gian_On_Tap,Hoc_Them,Hung_Thu_Mon_Hoc,Do_Kho_Mon_Hoc,Chu_Dong_Hoi_GV,Noi_Hoc_Yen_Tinh,Day_Du_Thiet_Bi,GV_Nhiet_Tinh,Gia_Dinh_Dong_Vien,Di_Lam_Them,Muc_Do_Stress,So_Buoi_Vang,Ty_Le_Hoan_Thanh_BT,Diem_TB_Thuong_Ky,Diem_Thi,Diem_Hoc_Phan
Nam,4,Kinh tế,7.23,5,10,6.1,19.5,Không,4,5,Không,Không,Có,Có,Có,Có,4,0,58,6.4,7.0,6.8
Nam,4,Kinh tế,4.41,2,2,1.2,5.4,Không,3,3,Không,Không,Có,Có,Thi thoảng,Có,3,1,58,6.3,4.0,4.7
Nam,4,Kỹ thuật,7.22,5,6,3.6,14.7,Có,2,5,Có,Có,Có,Không,Không,Có,5,1,63,4.9,6.5,6.0
Nam,3,Kinh tế,3.86,3,5,3.0,10.5,Không,5,3,Không,Không,Có,Có,Không,Có,1,1,82,7.4,4.5,5.4
Nam,3,Kỹ thuật,7.21,4,8,4.8,15.6,Có,3,4,Có,Không,Có,Không,Có,Không,5,2,52,5.3,7.0,6.5
Nữ,3,Kinh tế,7.18,3,11,6.7,17.7,Không,5,4,Có,Không,Có,Có,Có,Không,4,2,62,4.7,7.5,6.7
Nữ,2,Kỹ thuật,7.56,4,8,4.9,15.6,Không,3,2,Không,Có,Không,Không,Thi thoảng,Có,4,0,37,3.4,7.0,5.9
Nữ,4,Kỹ thuật,5.12,3,2,1.1,6.9,Không,3,2,Không,Không,Có,Không,Không,Có,5,2,51,4.7,4.5,4.6
Nữ,2,Kinh tế,6.07,3,5,3.2,10.5,Không,5,2,Có,Có,Có,Có,Có,Có,4,1,97,9.6,5.5,6.7
Nữ,4,Kinh tế,5.75,3,5,3.2,10.5,Có,5,2,Không,Có,Có,Có,Có,Có,2,1,47,3.9,5.5,5.0
Nữ,4,Kinh tế,7.46,5,12,7.1,21.9,Có,3,3,Không,Có,Có,Có,Thi thoảng,Có,1,0,83,7.5,7.5,7.5
Nữ,2,Kinh tế,5.26,2,4,2.4,7.8,Không,1,3,Có,Không,Có,Có,Không,Không,3,1,64,6.4,5.0,5.4
Nam,3,Kỹ thuật,4.68,1,3,1.7,5.1,Không,4,2,Không,Không,Có,Không,Không,Có,4,0,96,9.7,4.5,6.1
Nữ,2,Kỹ thuật,8.71,6,15,9.0,27.0,Có,2,3,Có,Có,Không,Có,Thi thoảng,Không,2,2,76,7.1,8.0,7.7
Nữ,2,Kinh tế,7.4,5,12,7.2,21.9,Có,1,4,Không,Không,Không,Không,Thi thoảng,Không,5,0,97,9.2,7.5,8.0
Nữ,4,Kinh tế,5.39,1,4,2.5,6.3,Không,2,3,Không,Không,Có,Không,Có,Không,2,0,96,8.7,5.0,6.1
Nữ,4,Kinh tế,6.32,3,9,5.4,15.3,Không,1,4,Có,Có,Có,Có,Không,Có,4,0,56,5.2,6.5,6.1
Nữ,4,Kỹ thuật,6.95,3,12,7.3,18.9,Không,4,3,Không,Không,Không,Có,Không,Không,5,1,40,3.1,7.5,6.2
Nữ,4,Kinh tế,7.13,3,9,5.4,15.3,Không,1,2,Không,Có,Có,Có,Không,Không,5,1,49,4.2,7.0,6.2
Nam,3,Kỹ thuật,7.98,8,17,10.3,32.4,Không,2,5,Có,Không,Không,Có,Có,Không,4,1,74,7.1,8.5,8.1
Nữ,2,Kinh tế,4.74,3,5,3.0,10.5,Không,5,2,Có,Có,Có,Không,Thi thoảng,Có,3,0,59,5.9,5.0,5.3
Nam,2,Kinh tế,7.9,7,22,13.2,36.9,Có,4,2,Có,Có,Không,Có,Có,Không,1,1,41,3.9,9.0,7.5
Nữ,4,Kinh tế,5.56,1,1,0.7,2.7,Không,2,4,Không,Không,Có,Có,Có,Không,4,1,43,3.4,4.5,4.2
Nữ,2,Kinh tế,7.73,3,9,5.5,15.3,Không,3,2,Không,Có,Có,Có,Có,Có,2,2,35,1.6,7.0,5.4
Nam,4,Kinh tế,8.52,9,24,14.5,42.3,Có,2,5,Có,Có,Có,Có,Không,Có,4,0,62,6.7,9.0,8.3
Nữ,3,Kinh tế,9.38,7,22,13.2,36.9,Có,3,5,Không,Có,Có,Có,Thi thoảng,Không,3,0,93,9.3,9.0,9.1
Nữ,4,Kỹ thuật,7.69,5,6,3.5,14.7,Có,1,3,Có,Có,Có,Không,Có,Có,1,1,46,4.8,6.5,6.0
Nam,3,Kinh tế,5.55,1,5,2.8,7.5,Không,2,3,Không,Có,Có,Không,Thi thoảng,Có,4,1,91,8.7,5.5,6.5
Nam,2,Kỹ thuật,6.62,4,8,4.8,15.6,Không,1,5,Có,Không,Có,Có,Có,Có,2,1,59,4.4,6.5,5.9
Nữ,2,Kỹ thuật,7.31,5,12,7.3,21.9,Có,2,3,Có,Có,Có,Có,Không,Không,1,0,64,6.5,7.5,7.2
Nữ,4,Kỹ thuật,5.36,1,1,0.5,2.7,Không,2,2,Có,Không,Có,Có,Thi thoảng,Có,4,0,35,3.5,4.0,3.8
Nam,3,Kinh tế,7.05,3,7,4.1,12.9,Không,1,2,Có,Không,Có,Có,Thi thoảng,Có,4,1,53,5.1,6.5,6.1
Nam,3,Kỹ thuật,7.75,4,8,4.7,15.6,Có,5,5,Không,Không,Có,Có,Thi thoảng,Có,4,0,81,7.8,7.0,7.2
Nữ,2,Kỹ thuật,5.0,3,1,0.6,5.7,Có,5,3,Có,Không,Có,Có,Có,Có,3,1,42,3.4,4.0,3.8
Nữ,4,Kỹ thuật,4.69,3,2,1.0,6.9,Có,4,4,Không,Có,Có,Có,Có,Có,5,1,34,4.1,4.0,4.0
Nữ,3,Kinh tế,7.72,5,11,6.7,20.7,Không,3,3,Có,Có,Có,Không,Không,Không,4,1,56,5.0,7.5,6.8
Nữ,3,Kỹ thuật,8.11,8,20,12.1,36.0,Có,1,4,Có,Có,Có,Có,Có,Không,2,0,35,3.4,8.5,7.0
Nữ,4,Kinh tế,7.19,5,10,6.0,19.5,Không,4,2,Có,Có,Có,Không,Có,Không,4,2,99,8.6,7.0,7.5
Nam,4,Kỹ thuật,8.21,9,23,13.8,41.1,Có,1,3,Không,Có,Có,Có,Thi thoảng,Có,5,1,99,8.9,9.0,9.0
Nam,2,Kỹ thuật,8.35,9,20,12.1,37.5,Có,3,4,Có,Có,Có,Có,Thi thoảng,Không,1,0,75,8.1,8.5,8.4
Nữ,4,Kỹ thuật,6.48,3,12,7.2,18.9,Có,1,5,Có,Không,Không,Không,Thi thoảng,Không,3,1,30,2.5,7.5,6.0
Nam,3,Kinh tế,5.8,1,5,3.2,7.5,Không,5,4,Không,Có,Có,Có,Thi thoảng,Có,4,3,65,5.4,5.5,5.5
Nữ,2,Kỹ thuật,5.09,1,1,0.7,2.7,Không,2,2,Không,Không,Có,Có,Không,Có,1,2,82,7.2,4.0,5.0
Nữ,2,Kỹ thuật,7.39,3,9,5.6,15.3,Có,2,2,Không,Có,Có,Không,Thi thoảng,Có,5,0,84,7.8,7.0,7.2
Nam,3,Kỹ thuật,5.6,1,2,1.1,3.9,Không,3,5,Không,Không,Có,Có,Không,Có,4,0,58,5.5,4.5,4.8
Nữ,3,Kỹ thuật,7.68,3,7,4.3,12.9,Không,4,4,Không,Không,Có,Không,Có,Không,1,0,30,2.7,7.0,5.7
Nam,4,Kỹ thuật,6.16,2,1,0.8,4.2,Có,5,2,Không,Không,Có,Có,Thi thoảng,Có,5,3,69,5.8,4.5,4.9
Nam,2,Kỹ thuật,7.21,3,7,4.4,12.9,Không,3,3,Không,Có,Có,Không,Có,Có,1,0,72,7.0,6.5,6.6
Nữ,2,Kinh tế,4.48,2,5,3.1,9.0,Không,3,5,Có,Không,Có,Không,Không,Có,4,2,45,4.1,5.0,4.7
Nam,2,Kinh tế,7.31,3,11,6.6,17.7,Có,5,5,Không,Không,Có,Có,Có,Không,4,0,92,10.0,7.5,8.2
Nam,3,Kinh tế,7.25,5,7,4.3,15.9,Không,5,2,Có,Có,Có,Có,Có,Không,3,0,45,4.4,6.5,5.9
Nam,4,Kỹ thuật,4.83,3,3,1.8,8.1,Không,1,4,Không,Không,Không,Không,Có,Có,3,3,53,4.6,4.5,4.5
Nữ,3,Kinh tế,5.85,2,3,1.7,6.6,Không,5,5,Không,Có,Có,Có,Có,Có,1,0,59,6.2,5.0,5.4
Nữ,4,Kinh tế,6.86,5,10,5.9,19.5,Có,5,4,Không,Có,Có,Có,Thi thoảng,Không,5,1,96,8.6,7.0,7.5
Nam,4,Kinh tế,7.21,4,12,7.4,20.4,Không,1,2,Không,Không,Có,Không,Thi thoảng,Có,1,1,99,9.4,7.5,8.1
Nữ,3,Kinh tế,6.42,3,8,4.8,14.1,Không,1,5,Có,Có,Có,Có,Thi thoảng,Không,3,1,46,4.4,6.5,5.9
Nam,2,Kỹ thuật,8.42,8,19,11.4,34.8,Không,1,3,Không,Có,Có,Có,Không,Không,3,1,38,3.0,8.5,6.8
Nữ,4,Kỹ thuật,6.91,3,11,6.6,17.7,Không,4,3,Không,Không,Có,Có,Thi thoảng,Có,2,2,42,3.0,7.5,6.2
Nữ,3,Kinh tế,8.03,4,9,5.5,16.8,Không,2,2,Không,Có,Không,Không,Có,Có,5,2,73,6.4,7.5,7.2
Nam,4,Kinh tế,5.69,3,1,0.6,5.7,Có,2,5,Có,Không,Có,Có,Có,Có,5,1,86,7.6,4.5,5.4
Nam,3,Kinh tế,7.1,3,8,4.8,14.1,Có,2,2,Không,Có,Có,Có,Có,Có,3,1,70,6.8,7.0,6.9
Nữ,2,Kỹ thuật,7.25,5,10,6.2,19.5,Có,2,4,Không,Không,Không,Có,Không,Không,3,0,93,8.8,7.0,7.5
Nữ,4,Kinh tế,7.42,4,12,7.3,20.4,Không,5,5,Có,Có,Có,Không,Thi thoảng,Có,4,0,37,3.6,7.5,6.3
Nữ,2,Kỹ thuật,7.01,3,12,7.4,18.9,Không,2,2,Có,Có,Có,Có,Có,Không,5,3,30,2.0,7.5,5.8
Nam,3,Kinh tế,8.52,8,22,13.2,38.4,Không,2,2,Có,Có,Có,Có,Thi thoảng,Không,3,0,59,5.7,9.0,8.0
Nam,3,Kinh tế,8.81,8,19,11.6,34.8,Có,2,3,Không,Có,Có,Có,Thi thoảng,Không,1,3,37,2.0,8.5,6.5
Nữ,3,Kỹ thuật,6.88,4,9,5.3,16.8,Có,2,3,Không,Không,Có,Có,Không,Không,3,0,92,9.7,7.0,7.8
Nam,4,Kỹ thuật,5.05,1,3,1.7,5.1,Không,5,2,Không,Không,Có,Không,Có,Có,2,3,62,5.2,4.5,4.7
Nam,3,Kinh tế,6.73,4,9,5.5,16.8,Có,2,4,Không,Có,Có,Có,Thi thoảng,Không,1,0,61,5.5,7.0,6.5
Nam,4,Kỹ thuật,4.87,3,3,1.9,8.1,Có,4,4,Không,Không,Có,Không,Không,Có,5,0,44,4.4,4.5,4.5
Nữ,4,Kinh tế,8.32,8,17,10.2,32.4,Có,2,4,Có,Có,Có,Không,Thi thoảng,Không,1,0,78,7.7,8.5,8.3
Nữ,4,Kinh tế,5.16,3,1,0.7,5.7,Không,1,4,Không,Không,Có,Không,Thi thoảng,Có,1,0,87,9.3,4.0,5.6
Nam,2,Kinh tế,7.02,5,10,5.9,19.5,Có,3,4,Không,Có,Có,Có,Có,Có,3,1,84,7.8,7.0,7.2
Nữ,4,Kinh tế,7.07,4,10,5.8,18.0,Có,4,4,Không,Có,Có,Có,Thi thoảng,Có,2,0,53,5.7,7.0,6.6
Nữ,3,Kỹ thuật,6.82,3,8,4.9,14.1,Không,4,4,Không,Có,Có,Không,Không,Không,4,3,40,2.1,6.5,5.2
Nam,3,Kỹ thuật,5.07,1,3,1.8,5.1,Có,1,4,Không,Không,Có,Có,Không,Có,2,2,42,2.8,4.5,4.0
Nữ,2,Kinh tế,4.97,3,1,0.6,5.7,Không,2,3,Không,Không,Có,Có,Không,Không,2,2,33,2.6,4.0,3.6
Nữ,4,Kinh tế,5.59,2,1,0.8,4.2,Không,4,2,Không,Không,Có,Có,Không,Có,5,0,71,7.7,4.5,5.5
Nam,4,Kinh tế,5.95,3,5,2.8,10.5,Không,3,2,Không,Không,Có,Có,Có,Có,3,0,35,4.6,5.5,5.2
Nữ,3,Kinh tế,7.18,4,8,4.8,15.6,Có,3,5,Có,Không,Có,Có,Có,Có,5,0,95,9.4,7.0,7.7
Nữ,3,Kỹ thuật,5.01,1,3,1.8,5.1,Không,3,3,Không,Không,Có,Có,Có,Không,3,1,53,4.8,4.5,4.6
Nữ,4,Kinh tế,6.92,4,11,6.7,19.2,Không,4,3,Có,Có,Có,Có,Không,Có,1,1,92,8.4,7.5,7.8
Nữ,4,Kinh tế,8.62,8,17,10.2,32.4,Có,2,5,Có,Có,Không,Không,Có,Không,3,0,98,9.1,8.5,8.7
Nam,3,Kỹ thuật,6.86,5,6,3.4,14.7,Có,2,5,Có,Có,Có,Có,Có,Có,3,1,77,7.3,6.5,6.7
Nữ,3,Kinh tế,6.17,4,6,3.6,13.2,Không,5,2,Có,Có,Có,Có,Không,Có,5,1,97,9.9,6.0,7.2
Nữ,2,Kỹ thuật,8.99,6,24,14.6,37.8,Có,2,2,Không,Không,Có,Có,Thi thoảng,Không,1,2,77,6.8,9.5,8.7
Nam,3,Kỹ thuật,5.22,2,1,0.6,4.2,Có,5,5,Không,Không,Không,Có,Không,Có,3,0,70,7.5,4.0,5.0
Nam,4,Kinh tế,6.49,5,9,5.4,18.3,Có,3,4,Có,Có,Có,Có,Thi thoảng,Có,5,0,33,3.3,7.0,5.9
Nam,4,Kinh tế,4.94,3,3,1.7,8.1,Không,5,3,Không,Có,Có,Có,Thi thoảng,Có,1,0,69,6.7,4.5,5.2
Nam,3,Kinh tế,5.03,3,4,2.3,9.3,Không,3,2,Không,Có,Có,Có,Có,Có,4,3,57,4.1,5.0,4.7
Nữ,4,Kỹ thuật,6.66,4,12,7.3,20.4,Có,5,4,Có,Không,Có,Có,Thi thoảng,Không,2,0,75,6.9,7.5,7.3
Nam,2,Kinh tế,6.39,3,9,5.6,15.3,Không,1,3,Có,Có,Có,Có,Thi thoảng,Không,5,1,89,8.5,6.5,7.1
Nữ,3,Kinh tế,4.17,1,2,1.1,3.9,Không,2,4,Không,Có,Không,Có,Không,Có,5,1,99,9.6,4.0,5.7
Nữ,3,Kỹ thuật,8.4,9,19,11.7,36.3,Có,4,5,Có,Có,Có,Có,Thi thoảng,Có,1,3,91,7.4,8.5,8.2
Nữ,4,Kinh tế,7.35,5,10,5.9,19.5,Không,1,3,Không,Không,Không,Có,Không,Không,1,2,52,4.1,7.5,6.5
Nam,3,Kinh tế,4.43,3,4,2.3,9.3,Không,1,2,Có,Có,Có,Không,Thi thoảng,Có,4,0,70,7.6,4.5,5.4
Nam,4,Kinh tế,7.26,5,12,7.2,21.9,Không,5,5,Có,Không,Không,Có,Có,Có,5,0,59,6.6,7.5,7.2
Nữ,2,Kỹ thuật,8.2,6,19,11.4,31.8,Không,2,4,Có,Có,Có,Không,Không,Không,3,2,87,7.7,8.5,8.3
Nữ,3,Kỹ thuật,5.15,2,2,1.3,5.4,Có,2,2,Không,Có,Có,Có,Thi thoảng,Có,2,2,85,6.8,4.5,5.2
Nam,3,Kinh tế,8.33,6,15,8.9,27.0,Không,1,2,Không,Có,Có,Không,Có,Không,5,0,33,3.5,8.0,6.6
Nữ,3,Kinh tế,5.92,2,4,2.4,7.8,Có,1,2,Không,Có,Có,Không,Thi thoảng,Có,5,0,42,4.3,5.5,5.1
Nam,2,Kinh tế,6.67,5,6,3.7,14.7,Có,4,3,Có,Có,Có,Có,Có,Không,5,0,67,7.0,6.5,6.6
Nam,2,Kinh tế,4.2,2,4,2.3,7.8,Không,5,5,Không,Không,Không,Có,Thi thoảng,Có,3,0,93,9.0,4.5,5.8
Nam,3,Kinh tế,7.33,5,9,5.4,18.3,Không,3,2,Không,Không,Không,Có,Có,Có,4,3,92,8.1,7.0,7.3
Nam,4,Kinh tế,4.54,1,4,2.3,6.3,Không,4,4,Không,Không,Có,Không,Không,Có,4,1,52,5.4,4.5,4.8
Nữ,3,Kinh tế,7.28,5,7,4.4,15.9,Không,2,3,Không,Có,Có,Có,Có,Có,3,0,66,6.8,6.5,6.6
Nam,4,Kỹ thuật,5.09,1,5,3.2,7.5,Không,5,3,Không,Không,Có,Không,Không,Có,2,2,70,6.2,5.0,5.4
Nữ,2,Kỹ thuật,8.63,9,21,12.6,38.7,Có,1,4,Có,Có,Có,Không,Không,Không,3,0,37,2.9,9.0,7.2
Nam,4,Kỹ thuật,5.33,2,1,0.7,4.2,Không,3,3,Có,Không,Có,Có,Không,Có,4,2,62,6.0,4.0,4.6
Nam,4,Kỹ thuật,6.7,4,9,5.3,16.8,Không,2,5,Không,Có,Có,Không,Có,Không,4,2,76,6.6,7.0,6.9
Nữ,4,Kỹ thuật,4.55,2,5,3.0,9.0,Không,2,3,Không,Không,Có,Không,Không,Có,2,1,99,9.5,5.0,6.4
Nam,2,Kỹ thuật,4.63,1,3,1.9,5.1,Không,5,2,Có,Không,Có,Không,Có,Có,2,0,99,9.6,4.5,6.0
Nữ,4,Kinh tế,7.86,8,23,13.7,39.6,Có,3,4,Có,Có,Không,Không,Thi thoảng,Không,2,2,66,6.2,9.0,8.2
Nữ,4,Kỹ thuật,4.99,1,5,2.9,7.5,Không,4,5,Có,Không,Có,Có,Không,Có,4,1,93,9.0,5.0,6.2
Nam,4,Kỹ thuật,6.91,5,12,7.5,21.9,Không,1,3,Có,Có,Có,Có,Có,Không,4,1,92,8.4,7.5,7.8
Nam,3,Kỹ thuật,7.58,3,10,6.0,16.5,Có,5,2,Không,Có,Có,Có,Không,Có,2,3,51,3.5,7.5,6.3
Nữ,2,Kinh tế,7.27,3,6,3.7,11.7,Có,4,4,Có,Không,Có,Không,Không,Không,5,0,86,8.3,6.5,7.0
Nữ,2,Kỹ thuật,6.63,2,3,1.9,6.6,Không,2,3,Có,Có,Không,Không,Có,Có,4,1,95,10.0,5.5,6.8
Nam,3,Kỹ thuật,7.05,3,11,6.6,17.7,Không,5,5,Có,Không,Có,Không,Có,Có,2,0,31,3.2,7.5,6.2
Nam,4,Kỹ thuật,5.7,2,5,3.0,9.0,Không,5,3,Không,Không,Không,Có,Không,Có,5,1,73,6.9,5.5,5.9
Nữ,4,Kinh tế,5.57,3,3,1.8,8.1,Có,4,5,Không,Không,Có,Có,Thi thoảng,Không,2,2,96,9.3,5.0,6.3
Nam,2,Kinh tế,5.17,3,3,1.8,8.1,Không,3,2,Có,Có,Có,Không,Thi thoảng,Có,3,0,74,6.8,4.5,5.2
Nữ,4,Kỹ thuật,6.78,4,10,5.9,18.0,Có,3,5,Không,Không,Có,Có,Không,Có,1,0,31,2.4,7.0,5.6
Nữ,4,Kỹ thuật,7.41,5,10,6.0,19.5,Có,1,4,Không,Không,Có,Không,Có,Có,2,0,36,3.6,7.5,6.3
Nam,2,Kinh tế,5.45,1,1,0.7,2.7,Không,5,4,Có,Không,Có,Có,Thi thoảng,Có,1,0,96,9.5,4.5,6.0
Nữ,4,Kinh tế,7.04,5,12,7.3,21.9,Có,5,2,Có,Có,Có,Có,Thi thoảng,Có,3,0,32,3.4,7.5,6.3
Nam,4,Kỹ thuật,4.9,3,4,2.4,9.3,Không,4,5,Có,Không,Có,Không,Không,Không,3,2,33,2.9,5.0,4.4
Nam,3,Kinh tế,8.84,9,24,14.2,42.3,Có,3,5,Không,Không,Có,Có,Có,Không,5,0,75,8.0,9.0,8.7
Nữ,3,Kinh tế,7.11,4,12,7.1,20.4,Có,1,5,Không,Không,Có,Có,Có,Có,4,0,53,5.9,7.5,7.0
Nam,3,Kỹ thuật,8.24,8,23,13.8,39.6,Có,3,4,Có,Có,Có,Không,Thi thoảng,Không,2,0,74,7.7,9.0,8.6
Nam,2,Kinh tế,5.02,1,2,1.0,3.9,Không,4,3,Có,Không,Có,Không,Có,Không,4,3,48,4.1,4.5,4.4
Nam,4,Kinh tế,5.52,1,1,0.6,2.7,Không,5,5,Có,Không,Có,Không,Có,Không,1,2,60,4.5,4.5,4.5
Nam,2,Kinh tế,5.22,2,2,1.3,5.4,Không,2,3,Có,Không,Có,Có,Không,Có,5,3,62,5.0,4.5,4.6
Nam,3,Kỹ thuật,4.19,2,3,2.0,6.6,Không,3,4,Không,Không,Có,Có,Có,Không,1,2,93,8.2,4.0,5.3
Nữ,3,Kỹ thuật,5.78,1,3,1.7,5.1,Không,2,4,Có,Không,Không,Có,Có,Có,5,0,93,8.7,9.0,8.9
Nữ,3,Kỹ thuật,8.74,8,24,14.3,40.8,Có,2,2,Có,Có,Có,Có,Thi thoảng,Không,1,0,87,9.6,9.0,9.2
Nữ,4,Kinh tế,7.09,3,9,5.4,15.3,Có,4,4,Không,Không,Có,Có,Không,Có,2,2,32,2.4,7.0,5.6
Nữ,3,Kỹ thuật,8.32,8,21,12.6,37.2,Có,5,3,Có,Có,Có,Có,Không,Không,1,0,98,9.6,9.0,9.2
Nam,2,Kỹ thuật,5.24,1,3,1.7,5.1,Không,5,2,Có,Không,Không,Không,Có,Không,3,0,83,7.8,4.5,5.5
Nữ,4,Kỹ thuật,6.49,5,7,4.1,15.9,Có,5,5,Không,Có,Có,Có,Không,Có,5,1,76,7.3,6.5,6.7
Nữ,4,Kinh tế,5.15,3,5,3.0,10.5,Không,4,4,Không,Không,Có,Có,Thi thoảng,Có,1,0,68,6.8,5.0,5.5
Nam,4,Kỹ thuật,5.71,1,4,2.4,6.3,Không,1,2,Không,Có,Có,Có,Không,Có,3,0,43,3.9,5.0,4.7
Nữ,4,Kỹ thuật,7.24,3,12,7.4,18.9,Không,4,3,Không,Không,Có,Không,Thi thoảng,Có,1,1,89,8.3,7.5,7.7
Nam,4,Kinh tế,8.58,7,22,13.3,36.9,Có,2,3,Có,Có,Có,Không,Có,Không,2,0,38,4.2,9.0,7.6
Nữ,4,Kinh tế,8.92,7,18,10.7,32.1,Có,3,3,Có,Có,Không,Có,Không,Không,1,3,37,2.7,8.5,6.8
Nam,3,Kinh tế,5.63,1,5,3.1,7.5,Có,1,2,Không,Có,Có,Không,Không,Có,2,0,43,3.3,5.5,4.8
Nữ,4,Kỹ thuật,7.11,3,7,4.2,12.9,Có,1,4,Không,Có,Có,Có,Không,Không,4,2,99,9.8,6.5,7.5
Nam,3,Kỹ thuật,6.25,3,2,1.0,6.9,Không,3,3,Không,Không,Không,Có,Có,Có,1,1,96,9.2,5.0,6.3
Nam,4,Kỹ thuật,7.71,7,24,14.5,39.3,Có,3,4,Có,Có,Có,Có,Thi thoảng,Không,1,2,97,9.1,9.0,9.0
Nam,2,Kỹ thuật,7.66,3,8,4.9,14.1,Có,3,3,Không,Không,Có,Có,Không,Không,2,2,55,4.6,7.0,6.3
Nam,2,Kinh tế,6.72,4,7,4.4,14.4,Không,4,3,Có,Không,Có,Có,Không,Không,1,2,98,8.6,6.5,7.1
Nam,2,Kinh tế,5.04,1,3,1.8,5.1,Không,3,2,Không,Không,Có,Có,Không,Có,3,0,70,5.6,4.5,4.8
Nam,3,Kỹ thuật,8.79,6,25,14.9,39.0,Có,1,3,Không,Không,Có,Không,Có,Không,1,0,37,3.8,9.5,7.8
Nam,2,Kỹ thuật,9.13,6,20,12.0,33.0,Có,5,3,Không,Có,Có,Không,Không,Không,3,3,44,3.2,9.0,7.3
Nữ,2,Kỹ thuật,5.56,1,2,1.3,3.9,Không,1,5,Không,Không,Có,Có,Không,Không,5,0,43,4.7,4.5,4.6
Nam,2,Kinh tế,7.75,4,10,6.1,18.0,Không,3,2,Có,Có,Có,Có,Không,Không,1,1,30,2.6,7.5,6.0
Nam,2,Kỹ thuật,5.78,3,5,3.0,10.5,Không,2,4,Không,Không,Có,Có,Thi thoảng,Có,3,1,65,6.1,5.5,5.7
Nam,2,Kỹ thuật,8.83,8,21,12.5,37.2,Không,5,2,Có,Có,Có,Có,Không,Có,3,3,90,8.6,9.0,8.9
Nữ,2,Kinh tế,9.15,6,25,15.1,39.0,Có,1,2,Có,Có,Có,Không,Có,Có,3,0,91,9.2,9.5,9.4
Nam,2,Kỹ thuật,7.05,3,12,7.2,18.9,Không,2,5,Có,Có,Không,Có,Có,Không,2,0,81,8.8,7.5,7.9
Nữ,3,Kỹ thuật,8.26,6,23,13.9,36.6,Có,1,3,Có,Có,Có,Có,Có,Có,4,0,55,5.9,9.0,8.1
Nam,3,Kỹ thuật,6.73,5,10,6.0,19.5,Không,3,3,Không,Có,Có,Không,Thi thoảng,Không,4,1,67,6.8,7.0,6.9
Nam,2,Kinh tế,6.37,2,2,1.2,5.4,Không,3,4,Không,Không,Có,Không,Thi thoảng,Có,3,0,75,7.3,5.0,5.7
Nữ,2,Kinh tế,7.51,3,10,5.9,16.5,Có,1,2,Không,Có,Có,Có,Thi thoảng,Có,4,1,42,3.6,7.5,6.3
Nữ,4,Kinh tế,7.06,3,7,4.1,12.9,Có,5,5,Có,Không,Có,Có,Thi thoảng,Có,5,2,60,4.8,6.5,6.0
Nam,4,Kỹ thuật,8.7,9,19,11.4,36.3,Có,1,5,Có,Có,Có,Có,Không,Không,1,0,79,7.7,8.5,8.3
Nam,2,Kinh tế,6.35,3,1,0.6,5.7,Không,3,3,Không,Không,Có,Có,Thi thoảng,Có,3,1,99,9.8,5.0,6.4
Nữ,4,Kinh tế,5.94,3,2,1.2,6.9,Không,1,4,Không,Có,Có,Có,Không,Có,4,0,51,5.7,5.0,5.2
Nữ,2,Kỹ thuật,6.92,5,10,6.1,19.5,Có,2,3,Không,Có,Có,Không,Thi thoảng,Có,3,1,97,10.0,7.0,7.9
Nữ,2,Kinh tế,8.13,8,25,14.9,42.0,Có,3,5,Có,Có,Có,Có,Không,Có,3,0,84,8.4,3.0,4.6
Nữ,4,Kinh tế,7.46,4,12,7.1,20.4,Có,1,3,Không,Không,Có,Có,Không,Không,4,0,51,5.3,7.5,6.8
Nữ,4,Kỹ thuật,6.75,5,10,6.1,19.5,Có,2,5,Có,Không,Có,Có,Có,Không,4,0,82,7.6,7.0,7.2
Nữ,4,Kinh tế,5.27,1,1,0.5,2.7,Không,1,4,Có,Không,Có,Có,Thi thoảng,Có,1,0,34,3.6,4.0,3.9
Nam,4,Kỹ thuật,8.64,9,16,9.7,32.7,Có,3,5,Có,Không,Có,Có,Có,Không,5,0,69,6.4,8.5,7.9
Nữ,3,Kỹ thuật,5.91,2,1,0.5,4.2,Không,4,3,Không,Không,Có,Không,Có,Có,1,0,80,7.9,4.5,5.5
Nữ,3,Kỹ thuật,4.74,1,3,1.7,5.1,Không,1,4,Không,Không,Có,Có,Không,Có,1,0,41,3.6,4.5,4.2
Nam,3,Kỹ thuật,5.28,3,4,2.6,9.3,Không,5,5,Có,Không,Có,Có,Không,Không,4,2,95,8.8,5.0,6.1
Nam,4,Kỹ thuật,7.87,5,6,3.7,14.7,Không,4,4,Không,Có,Không,Không,Không,Có,2,0,65,6.5,7.0,6.8
Nữ,3,Kỹ thuật,5.33,2,2,1.3,5.4,Không,1,4,Có,Không,Không,Không,Có,Có,2,1,41,5.1,4.5,4.7
Nữ,2,Kinh tế,6.96,5,10,6.1,19.5,Có,2,5,Có,Có,Có,Có,Không,Có,1,0,88,8.6,7.0,7.5
Nam,4,Kinh tế,4.68,3,4,2.4,9.3,Không,4,3,Không,Không,Có,Không,Thi thoảng,Có,1,2,42,3.9,4.5,4.3
Nữ,2,Kỹ thuật,6.83,5,10,6.2,19.5,Có,2,2,Không,Không,Có,Có,Thi thoảng,Không,4,0,54,5.0,7.0,6.4
Nữ,4,Kỹ thuật,6.84,5,8,4.7,17.1,Không,2,4,Không,Có,Có,Có,Thi thoảng,Có,4,2,86,8.2,6.5,7.0
Nữ,2,Kỹ thuật,8.21,3,6,3.7,11.7,Có,4,5,Không,Có,Có,Không,Thi thoảng,Có,5,1,43,3.8,7.0,6.0
Nam,2,Kỹ thuật,5.73,3,2,1.4,6.9,Không,3,3,Không,Có,Có,Có,Thi thoảng,Không,5,0,45,4.0,4.5,4.4
Nam,4,Kinh tế,5.44,3,5,3.1,10.5,Không,2,2,Không,Không,Có,Có,Có,Không,1,0,74,7.0,5.5,5.9
Nữ,3,Kinh tế,8.65,9,19,11.4,36.3,Có,3,5,Có,Không,Có,Có,Không,Không,2,1,64,5.7,8.5,7.7
Nam,2,Kinh tế,8.06,7,23,13.8,38.1,Có,5,4,Có,Có,Có,Không,Thi thoảng,Không,5,0,89,9.4,9.0,9.1
Nữ,2,Kinh tế,8.18,5,8,4.9,17.1,Không,1,3,Có,Không,Có,Có,Có,Không,5,1,67,5.8,7.0,6.6
Nữ,3,Kinh tế,7.25,4,12,7.2,20.4,Có,1,3,Có,Không,Có,Có,Có,Không,5,3,53,3.3,7.5,6.2
Nam,4,Kỹ thuật,5.1,2,5,3.0,9.0,Không,4,3,Không,Có,Có,Không,Không,Có,1,1,98,8.5,5.0,6.0
Nữ,2,Kinh tế,6.8,4,12,6.9,20.4,Không,1,3,Có,Không,Có,Không,Có,Không,2,0,44,3.7,7.5,6.4
Nữ,3,Kỹ thuật,6.83,5,12,7.3,21.9,Có,1,2,Có,Không,Không,Có,Thi thoảng,Không,1,0,90,8.8,7.5,7.9
Nữ,4,Kỹ thuật,8.56,9,21,12.6,38.7,Không,3,5,Có,Không,Có,Không,Thi thoảng,Không,4,0,85,8.5,9.0,8.8
Nam,2,Kỹ thuật,8.68,8,17,10.1,32.4,Có,2,5,Không,Có,Có,Không,Thi thoảng,Không,1,2,78,6.7,8.5,8.0
Nữ,3,Kinh tế,5.64,2,2,1.2,5.4,Không,1,3,Không,Không,Không,Có,Không,Có,4,2,99,9.1,4.5,5.9
Nữ,2,Kinh tế,8.37,7,24,14.2,39.3,Có,2,4,Có,Có,Có,Không,Không,Không,2,1,67,6.7,9.0,8.3
Nam,2,Kinh tế,9.22,7,22,13.2,36.9,Có,5,2,Có,Có,Có,Có,Không,Không,2,0,34,3.4,9.0,7.3
Nữ,2,Kỹ thuật,7.44,4,8,4.8,15.6,Có,3,4,Có,Không,Có,Có,Không,Không,2,1,73,7.1,7.0,7.0
Nam,2,Kỹ thuật,8.18,9,24,14.4,42.3,Có,2,3,Không,Có,Không,Có,Không,Không,5,0,76,7.4,9.0,8.5
Nam,3,Kỹ thuật,6.46,3,6,3.5,11.7,Có,1,3,Có,Có,Có,Có,Không,Không,5,0,34,2.8,6.5,5.4
Nam,2,Kỹ thuật,7.08,4,7,4.3,14.4,Không,4,2,Không,Có,Có,Không,Có,Không,3,0,75,6.7,6.5,6.6
Nữ,4,Kinh tế,8.89,6,21,12.7,34.2,Có,2,5,Có,Không,Có,Có,Thi thoảng,Không,4,1,40,3.0,9.0,7.2
Nam,4,Kỹ thuật,8.95,6,25,15.2,39.0,Có,3,3,Không,Có,Có,Có,Thi thoảng,Có,5,1,77,7.5,9.5,8.9
Nam,3,Kinh tế,7.86,5,6,3.6,14.7,Có,5,3,Có,Có,Không,Có,Có,Không,3,0,57,6.1,7.0,6.7
Nữ,2,Kỹ thuật,5.45,2,2,1.2,5.4,Có,4,2,Có,Không,Không,Có,Thi thoảng,Có,1,1,97,9.1,8.0,8.3
Nữ,2,Kinh tế,5.62,3,10,6.1,16.5,Không,4,4,Có,Có,Không,Có,Không,Không,1,0,39,5.7,6.5,6.3
Nam,3,Kinh tế,5.8,1,4,2.6,6.3,Có,4,5,Có,Có,Có,Không,Không,Có,1,2,98,8.3,5.5,6.3
Nam,3,Kinh tế,4.56,1,1,0.4,2.7,Không,3,4,Không,Có,Có,Có,Thi thoảng,Có,2,1,43,3.9,4.0,4.0
Nam,2,Kinh tế,7.01,3,12,7.2,18.9,Có,1,4,Không,Có,Có,Có,Không,Có,4,2,81,6.5,7.5,7.2
Nữ,4,Kinh tế,8.31,6,20,12.0,33.0,Không,2,3,Có,Có,Có,Có,Thi thoảng,Có,3,1,87,8.2,8.5,8.4
Nam,2,Kinh tế,5.18,2,1,0.5,4.2,Không,2,5,Không,Không,Có,Không,Thi thoảng,Không,3,2,76,6.4,4.0,4.7
Nam,4,Kỹ thuật,8.2,7,19,11.2,33.3,Có,2,2,Có,Có,Có,Có,Thi thoảng,Có,5,1,62,5.9,8.5,7.7
Nữ,3,Kinh tế,4.94,2,3,1.8,6.6,Có,4,4,Có,Không,Không,Có,Có,Có,1,0,30,3.1,4.5,4.1
Nữ,4,Kinh tế,5.22,3,2,1.0,6.9,Không,4,2,Không,Không,Có,Có,Không,Có,5,3,46,3.0,4.5,4.0
Nữ,2,Kinh tế,6.41,1,2,1.2,3.9,Không,5,3,Không,Không,Có,Có,Thi thoảng,Không,5,1,56,5.3,5.0,5.1
Nam,2,Kỹ thuật,6.52,1,2,1.2,3.9,Không,5,5,Không,Không,Có,Có,Có,Không,2,3,99,9.1,5.0,6.2
Nam,2,Kinh tế,5.44,3,2,1.3,6.9,Không,5,5,Không,Không,Có,Có,Có,Có,2,1,50,3.5,4.5,4.2
Nam,2,Kinh tế,5.11,1,3,1.7,5.1,Không,3,5,Không,Có,Có,Có,Có,Có,2,1,44,3.9,4.5,4.3
Nam,4,Kinh tế,7.71,3,7,4.3,12.9,Có,3,4,Không,Không,Có,Không,Thi thoảng,Có,5,1,94,9.3,7.0,7.7
Nam,4,Kinh tế,5.57,3,7,4.1,12.9,Không,3,5,Không,Có,Không,Không,Thi thoảng,Không,2,1,88,8.4,6.0,6.7
Nữ,2,Kinh tế,8.43,7,25,14.9,40.5,Có,5,2,Có,Có,Có,Không,Có,Không,4,2,32,2.4,9.0,7.0
Nam,2,Kinh tế,6.46,5,8,4.7,17.1,Có,4,5,Có,Không,Có,Có,Có,Có,3,1,51,6.1,6.5,6.4
Nữ,2,Kỹ thuật,6.85,2,2,1.2,5.4,Có,3,4,Có,Không,Có,Không,Không,Có,2,0,72,7.2,5.5,6.0
Nữ,4,Kỹ thuật,7.3,4,11,6.6,19.2,Không,5,3,Không,Có,Có,Có,Có,Có,1,2,56,4.3,7.5,6.5
Nam,3,Kinh tế,4.87,3,5,2.9,10.5,Không,2,5,Không,Không,Có,Có,Có,Không,1,1,71,6.8,5.0,5.5
Nam,2,Kinh tế,6.75,4,10,6.1,18.0,Không,4,3,Có,Có,Có,Không,Thi thoảng,Không,4,0,38,4.0,7.0,6.1
Nữ,3,Kỹ thuật,6.45,2,1,0.5,4.2,Không,1,3,Có,Có,Có,Có,Thi thoảng,Có,1,2,52,4.0,5.0,4.7
Nữ,2,Kinh tế,8.86,6,18,10.8,30.6,Có,4,3,Không,Có,Có,Không,Thi thoảng,Không,1,0,35,3.5,8.5,7.0
Nữ,3,Kinh tế,4.86,2,4,2.4,7.8,Không,3,4,Không,Không,Không,Có,Thi thoảng,Có,3,2,73,6.6,8.5,7.9
Nữ,3,Kinh tế,8.11,4,9,5.4,16.8,Không,1,4,Có,Không,Không,Có,Có,Không,1,0,33,3.2,7.5,6.2
Nữ,3,Kỹ thuật,6.98,4,10,6.1,18.0,Có,2,5,Có,Có,Có,Có,Thi thoảng,Có,3,3,54,3.0,7.0,5.8
Nữ,3,Kinh tế,8.7,7,24,14.3,39.3,Có,5,2,Không,Có,Có,Có,Thi thoảng,Không,1,2,33,3.3,9.0,7.3
Nam,2,Kinh tế,6.72,5,8,4.7,17.1,Không,4,2,Có,Không,Có,Không,Thi thoảng,Không,4,1,99,10.0,6.5,7.6
Nữ,2,Kinh tế,7.64,9,17,10.1,33.9,Có,5,4,Có,Có,Có,Không,Có,Không,1,1,83,7.9,8.0,8.0
Nam,4,Kỹ thuật,5.31,1,5,3.1,7.5,Không,1,5,Không,Có,Có,Không,Không,Có,3,1,34,3.7,5.5,5.0
Nữ,4,Kỹ thuật,6.95,3,12,7.4,18.9,Không,2,5,Có,Có,Có,Có,Không,Có,4,0,62,6.8,7.5,7.3
Nữ,3,Kỹ thuật,7.91,8,25,15.0,42.0,Không,1,4,Có,Có,Có,Không,Có,Không,1,0,80,8.2,9.0,8.8
Nam,4,Kỹ thuật,7.29,3,8,4.8,14.1,Có,3,2,Có,Có,Có,Không,Có,Có,3,1,52,4.6,7.0,6.3
Nữ,3,Kinh tế,4.52,3,5,3.1,10.5,Không,4,3,Không,Không,Có,Có,Không,Có,2,0,58,5.6,5.0,5.2
Nữ,2,Kỹ thuật,8.68,7,20,12.2,34.5,Có,2,5,Không,Không,Có,Không,Có,Không,5,0,42,4.8,9.0,7.7
Nữ,4,Kỹ thuật,8.28,6,15,9.0,27.0,Có,5,3,Có,Có,Có,Không,Không,Không,3,1,91,8.3,8.0,8.1
Nam,2,Kinh tế,5.77,2,3,1.9,6.6,Không,4,5,Không,Không,Có,Không,Không,Không,3,1,51,5.2,5.0,5.1
Nam,3,Kinh tế,5.91,2,2,1.3,5.4,Không,4,2,Không,Không,Có,Không,Không,Có,5,3,53,4.7,5.0,4.9
Nam,4,Kỹ thuật,7.88,6,21,12.5,34.2,Có,5,4,Có,Có,Có,Không,Có,Có,5,0,84,8.1,8.5,8.4
Nữ,4,Kỹ thuật,4.45,3,3,1.7,8.1,Không,2,2,Không,Không,Có,Có,Thi thoảng,Có,4,1,97,9.4,4.0,5.6
Nữ,4,Kỹ thuật,6.89,4,6,3.7,13.2,Không,4,5,Có,Không,Có,Không,Có,Có,2,1,99,9.6,6.5,7.4
Nam,4,Kinh tế,8.71,8,21,12.6,37.2,Có,3,2,Có,Có,Không,Không,Thi thoảng,Không,4,0,73,8.0,9.0,8.7
Nữ,4,Kỹ thuật,3.98,3,5,2.9,10.5,Không,3,5,Có,Không,Có,Có,Có,Có,4,1,86,8.0,4.5,5.6
Nữ,3,Kỹ thuật,6.04,2,5,2.9,9.0,Không,4,2,Không,Không,Có,Có,Không,Có,3,1,58,5.9,5.5,5.6
Nữ,2,Kỹ thuật,7.0,5,6,3.6,14.7,Không,2,4,Không,Có,Có,Không,Không,Không,1,0,82,8.2,6.5,7.0
Nữ,4,Kỹ thuật,4.9,3,1,0.7,5.7,Có,1,2,Không,Có,Có,Không,Thi thoảng,Có,5,3,50,3.5,4.0,3.8
Nam,3,Kỹ thuật,5.32,2,5,2.9,9.0,Có,4,5,Không,Có,Có,Không,Có,Có,2,2,45,3.0,5.5,4.8
Nam,4,Kỹ thuật,7.46,5,12,7.1,21.9,Có,3,4,Không,Không,Có,Không,Có,Không,2,0,51,5.5,7.5,6.9
Nữ,2,Kinh tế,6.16,5,8,4.8,17.1,Có,3,5,Không,Có,Có,Có,Thi thoảng,Không,3,1,54,4.9,6.5,6.0
Nữ,4,Kỹ thuật,7.07,4,10,6.0,18.0,Không,3,5,Không,Không,Có,Có,Không,Không,1,1,66,7.1,7.0,7.0
Nữ,4,Kinh tế,7.0,4,6,3.6,13.2,Không,4,3,Có,Có,Có,Có,Có,Có,5,0,98,9.5,6.5,7.4
Nam,2,Kinh tế,6.39,2,1,0.8,4.2,Có,3,4,Có,Không,Có,Có,Có,Có,1,3,34,2.4,5.0,4.2
Nam,2,Kinh tế,6.37,2,5,3.1,9.0,Không,3,2,Không,Có,Có,Có,Có,Có,1,0,86,9.1,6.0,6.9
Nam,2,Kỹ thuật,4.62,2,4,2.4,7.8,Không,1,3,Có,Không,Có,Có,Có,Có,4,0,83,8.2,4.5,5.6
Nữ,3,Kinh tế,7.1,4,11,6.6,19.2,Có,4,5,Có,Có,Có,Có,Thi thoảng,Có,2,2,74,5.7,7.5,7.0
Nam,4,Kinh tế,5.83,2,5,3.0,9.0,Không,3,2,Không,Không,Có,Có,Không,Có,3,0,59,5.1,5.5,5.4
Nam,4,Kinh tế,7.77,4,7,4.2,14.4,Có,5,5,Có,Có,Có,Có,Có,Có,3,2,70,6.9,7.0,7.0
Nữ,3,Kinh tế,8.06,6,16,9.6,28.2,Có,2,4,Có,Không,Có,Có,Có,Có,4,0,39,3.1,8.0,6.5
Nam,3,Kỹ thuật,5.26,3,3,1.7,8.1,Không,3,2,Không,Không,Có,Không,Thi thoảng,Có,2,1,69,6.3,4.5,5.0
Nam,3,Kỹ thuật,6.93,5,10,5.9,19.5,Có,5,2,Có,Không,Có,Có,Thi thoảng,Có,1,2,69,5.5,7.0,6.5
Nữ,3,Kỹ thuật,5.22,1,5,3.1,7.5,Không,1,4,Không,Không,Có,Có,Thi thoảng,Không,3,0,86,8.0,5.0,5.9
Nữ,3,Kinh tế,8.34,8,15,9.0,30.0,Có,1,4,Có,Có,Không,Có,Không,Không,2,3,44,3.6,8.0,6.7
Nam,3,Kỹ thuật,5.17,2,5,3.1,9.0,Không,1,4,Không,Có,Có,Có,Không,Không,1,0,89,9.6,5.0,6.4
Nữ,4,Kinh tế,6.12,1,4,2.4,6.3,Không,4,2,Không,Có,Có,Không,Có,Có,5,1,76,7.8,5.5,6.2
Nữ,3,Kỹ thuật,6.85,3,8,4.7,14.1,Có,2,4,Không,Có,Có,Không,Có,Có,3,1,97,9.5,6.5,7.4
Nam,3,Kinh tế,7.65,3,11,6.6,17.7,Không,4,2,Không,Không,Có,Có,Thi thoảng,Có,2,1,55,5.7,7.5,7.0
Nam,4,Kỹ thuật,4.87,1,3,2.0,5.1,Không,4,5,Không,Không,Có,Có,Không,Có,1,3,89,8.4,4.5,5.7
Nam,4,Kỹ thuật,7.01,5,7,4.3,15.9,Không,1,5,Có,Không,Có,Có,Có,Không,3,1,56,6.2,6.5,6.4
Nữ,2,Kỹ thuật,5.57,1,2,1.2,3.9,Không,2,5,Không,Không,Có,Không,Thi thoảng,Có,2,0,34,3.3,4.5,4.1
Nữ,2,Kỹ thuật,7.86,5,7,4.1,15.9,Không,3,4,Có,Có,Có,Có,Có,Có,2,1,99,9.2,7.0,7.7
Nam,2,Kinh tế,6.68,5,12,7.4,21.9,Có,4,5,Có,Có,Có,Có,Thi thoảng,Có,1,1,51,5.0,7.5,6.8
Nam,2,Kỹ thuật,8.55,8,23,13.9,39.6,Có,1,2,Có,Có,Có,Có,Thi thoảng,Có,1,0,58,6.0,3.5,4.2
Nam,4,Kinh tế,7.92,6,23,13.8,36.6,Không,5,3,Có,Có,Có,Có,Không,Không,4,2,50,4.9,9.0,7.8
Nam,4,Kỹ thuật,9.0,6,17,10.4,29.4,Có,4,3,Có,Có,Có,Có,Không,Không,3,0,89,8.4,8.5,8.5
Nam,4,Kinh tế,7.14,3,6,3.5,11.7,Không,4,5,Có,Không,Có,Có,Không,Có,4,2,96,9.0,6.5,7.2
Nam,4,Kinh tế,5.24,1,5,3.0,7.5,Không,3,4,Không,Có,Có,Có,Có,Có,5,0,61,6.5,5.0,5.4
Nữ,2,Kinh tế,5.49,1,2,1.3,3.9,Không,1,4,Có,Không,Có,Có,Thi thoảng,Có,2,1,41,3.4,4.5,4.2
Nam,3,Kinh tế,8.21,9,17,10.2,33.9,Có,4,4,Có,Có,Có,Có,Có,Không,5,2,90,8.3,8.5,8.4
Nam,4,Kỹ thuật,3.58,1,5,3.0,7.5,Không,2,4,Không,Không,Có,Có,Có,Không,2,0,53,5.0,4.0,4.3
Nam,3,Kỹ thuật,5.41,2,4,2.2,7.8,Không,5,4,Không,Không,Không,Có,Có,Có,2,1,74,7.3,5.0,5.7
Nữ,4,Kỹ thuật,4.99,2,3,1.9,6.6,Không,1,3,Không,Không,Có,Có,Thi thoảng,Có,1,0,81,8.6,4.5,5.7
Nữ,4,Kỹ thuật,6.45,3,7,4.3,12.9,Không,4,5,Không,Có,Có,Không,Không,Có,5,3,88,6.4,6.5,6.5
Nam,4,Kỹ thuật,5.93,3,4,2.6,9.3,Có,2,2,Không,Có,Có,Có,Thi thoảng,Có,3,1,70,6.4,5.5,5.8
Nữ,4,Kinh tế,5.86,1,2,1.3,3.9,Không,2,5,Không,Có,Có,Có,Không,Có,2,2,61,5.1,5.0,5.0
Nam,3,Kỹ thuật,6.86,4,6,3.6,13.2,Không,5,5,Có,Không,Có,Không,Có,Có,4,1,76,7.1,6.5,6.7
Nữ,3,Kinh tế,7.18,4,8,4.8,15.6,Có,2,4,Không,Có,Có,Có,Không,Không,2,0,68,7.1,7.0,7.0
Nữ,4,Kỹ thuật,5.66,3,4,2.4,9.3,Không,2,3,Không,Có,Có,Có,Không,Có,1,0,31,3.2,5.0,4.5
Nam,2,Kinh tế,7.51,3,8,4.8,14.1,Không,3,3,Không,Không,Có,Có,Có,Có,1,1,92,8.6,7.0,7.5
Nữ,3,Kinh tế,6.76,3,12,7.3,18.9,Có,3,5,Không,Có,Có,Có,Không,Không,2,0,59,5.5,7.5,6.9
Nam,4,Kinh tế,7.1,4,6,3.5,13.2,Có,3,5,Có,Không,Có,Có,Thi thoảng,Có,2,1,76,8.0,6.5,7.0
Nữ,3,Kinh tế,4.54,2,5,3.0,9.0,Có,5,3,Không,Có,Có,Có,Thi thoảng,Có,1,0,45,4.5,5.0,4.8
Nữ,2,Kỹ thuật,9.06,9,21,12.7,38.7,Có,3,5,Có,Có,Có,Không,Không,Có,2,0,61,6.4,9.0,8.2
Nữ,4,Kinh tế,6.73,4,12,7.3,20.4,Không,3,5,Không,Không,Không,Có,Có,Có,3,0,86,9.2,7.5,8.0
Nữ,3,Kinh tế,8.01,7,21,12.6,35.7,Có,5,3,Có,Có,Có,Có,Thi thoảng,Có,2,2,32,2.2,8.5,6.6
Nữ,3,Kinh tế,4.86,1,3,1.9,5.1,Có,4,5,Có,Không,Không,Có,Thi thoảng,Có,3,1,39,3.2,4.5,4.1
Nam,3,Kinh tế,5.89,1,5,3.0,7.5,Không,5,3,Không,Có,Có,Không,Không,Không,2,3,63,5.4,5.5,5.5
Nam,4,Kinh tế,7.07,5,7,4.2,15.9,Có,4,3,Không,Không,Có,Có,Thi thoảng,Có,4,1,50,4.7,6.5,6.0
Nam,2,Kỹ thuật,7.39,4,8,5.0,15.6,Có,4,2,Có,Không,Có,Có,Không,Có,4,3,75,7.0,7.0,7.0
Nữ,2,Kinh tế,7.11,4,6,3.5,13.2,Có,5,3,Có,Có,Có,Có,Không,Có,2,0,72,6.5,6.5,6.5
Nam,4,Kỹ thuật,7.82,5,10,5.8,19.5,Có,1,3,Có,Không,Có,Không,Có,Có,4,0,94,9.1,7.5,8.0
Nữ,3,Kinh tế,5.81,1,1,0.5,2.7,Không,1,4,Có,Không,Có,Có,Có,Không,1,2,83,7.1,9.0,8.4
Nữ,3,Kỹ thuật,7.03,3,6,3.6,11.7,Không,2,4,Không,Không,Có,Có,Không,Không,3,0,66,6.4,6.5,6.5
Nữ,4,Kỹ thuật,7.06,3,11,6.6,17.7,Có,2,5,Có,Có,Có,Có,Có,Không,1,1,51,4.4,7.5,6.6
Nữ,2,Kỹ thuật,5.81,2,1,0.6,4.2,Có,2,5,Không,Có,Có,Có,Thi thoảng,Có,2,0,46,3.8,4.5,4.3
Nam,4,Kinh tế,8.76,7,21,12.5,35.7,Có,5,3,Có,Có,Có,Không,Có,Không,5,0,85,7.7,9.0,8.6
Nam,3,Kỹ thuật,4.35,2,2,1.1,5.4,Có,4,2,Có,Không,Có,Có,Có,Có,1,0,86,8.8,4.0,5.4
Nam,4,Kinh tế,7.65,4,7,4.3,14.4,Không,5,3,Không,Có,Có,Có,Có,Có,1,2,94,9.1,7.0,7.6
Nữ,4,Kinh tế,6.32,5,11,6.6,20.7,Không,4,4,Có,Có,Có,Có,Không,Có,5,0,42,4.2,7.0,6.2
Nam,4,Kinh tế,8.54,7,25,15.0,40.5,Có,4,5,Không,Có,Có,Không,Thi thoảng,Không,2,1,95,9.7,9.5,9.6
Nam,2,Kinh tế,8.4,6,20,12.1,33.0,Có,3,5,Có,Có,Có,Không,Không,Không,2,1,97,9.8,8.5,8.9
Nữ,2,Kinh tế,8.15,9,22,13.3,39.9,Có,4,3,Có,Có,Có,Có,Không,Không,1,1,44,4.0,9.0,7.5
Nam,4,Kỹ thuật,7.67,6,15,9.1,27.0,Có,4,2,Có,Có,Có,Có,Có,Không,5,0,36,3.4,8.0,6.6
Nữ,2,Kỹ thuật,6.8,3,10,6.0,16.5,Không,5,2,Không,Không,Có,Có,Thi thoảng,Có,2,1,53,4.9,7.0,6.4
Nam,4,Kinh tế,7.25,5,6,3.4,14.7,Có,3,3,Có,Không,Có,Có,Không,Có,2,1,66,6.6,6.5,6.5
Nam,2,Kinh tế,4.86,3,2,1.3,6.9,Không,5,5,Có,Không,Không,Có,Không,Có,2,0,60,5.8,4.0,4.5
Nam,2,Kinh tế,6.66,4,10,6.0,18.0,Không,4,2,Không,Không,Có,Có,Có,Có,2,1,50,5.4,7.0,6.5
Nam,3,Kinh tế,7.76,6,17,10.3,29.4,Có,3,3,Có,Có,Có,Có,Thi thoảng,Không,3,1,57,5.4,8.0,7.2
Nữ,4,Kinh tế,8.47,8,23,13.8,39.6,Không,4,3,Có,Không,Có,Có,Có,Không,1,1,56,5.0,9.0,7.8
Nữ,2,Kinh tế,5.89,2,4,2.3,7.8,Không,3,4,Không,Có,Có,Có,Có,Có,3,2,70,6.7,5.5,5.9
Nữ,3,Kinh tế,6.6,5,7,4.0,15.9,Không,4,4,Không,Có,Không,Không,Có,Có,2,0,36,3.2,6.5,5.5
Nữ,2,Kỹ thuật,7.77,8,18,11.0,33.6,Có,4,5,Có,Có,Không,Không,Thi thoảng,Không,5,0,69,6.4,8.5,7.9
Nam,2,Kinh tế,7.97,7,23,14.1,38.1,Có,5,5,Có,Có,Có,Có,Không,Không,4,2,77,7.2,9.0,8.5
Nam,3,Kinh tế,6.1,4,10,5.9,18.0,Có,2,2,Có,Không,Có,Không,Có,Không,2,1,63,5.4,7.0,6.5
Nam,2,Kỹ thuật,5.38,2,5,2.9,9.0,Không,5,2,Không,Không,Có,Không,Không,Có,1,0,94,9.0,5.5,6.5
Nam,2,Kỹ thuật,5.8,3,3,1.7,8.1,Không,5,3,Có,Không,Có,Có,Thi thoảng,Có,5,1,48,4.8,5.0,4.9
Nữ,4,Kỹ thuật,7.96,6,18,10.8,30.6,Có,1,4,Không,Có,Có,Có,Có,Không,2,0,38,4.2,8.5,7.2
Nam,3,Kinh tế,8.66,8,20,12.1,36.0,Không,3,4,Có,Có,Có,Có,Không,Không,3,2,70,7.2,9.0,8.5
Nam,3,Kỹ thuật,6.72,5,6,3.6,14.7,Không,5,4,Có,Có,Có,Có,Có,Có,4,1,48,5.0,6.5,6.0
Nữ,4,Kinh tế,7.23,4,12,7.3,20.4,Không,1,4,Có,Có,Có,Có,Có,Có,3,2,34,2.4,7.5,6.0
Nam,2,Kỹ thuật,5.82,2,4,2.4,7.8,Không,4,3,Không,Không,Không,Không,Thi thoảng,Không,1,1,80,7.2,5.5,6.0
Nữ,2,Kinh tế,5.15,3,5,3.1,10.5,Có,1,4,Không,Không,Có,Không,Có,Không,5,0,66,6.6,5.0,5.5
Nữ,4,Kỹ thuật,6.99,4,7,4.4,14.4,Không,3,5,Không,Có,Có,Có,Có,Có,5,3,74,5.8,6.5,6.3
Nam,2,Kỹ thuật,7.32,5,12,7.2,21.9,Có,2,4,Có,Có,Có,Có,Không,Có,5,1,58,5.7,7.5,7.0
Nam,2,Kinh tế,4.62,3,5,3.0,10.5,Không,1,2,Không,Không,Có,Có,Có,Không,5,0,78,6.6,5.0,5.5
Nam,3,Kỹ thuật,8.52,7,15,8.8,28.5,Không,3,2,Có,Có,Có,Có,Có,Không,2,0,37,4.3,8.0,6.9
Nữ,4,Kinh tế,5.85,3,2,1.1,6.9,Không,5,4,Không,Không,Có,Có,Không,Có,4,0,65,6.2,5.0,5.4
Nam,3,Kinh tế,6.48,2,5,2.9,9.0,Không,4,5,Có,Không,Có,Có,Có,Có,3,1,77,8.1,6.0,6.6
Nữ,4,Kỹ thuật,5.33,3,4,2.6,9.3,Có,3,2,Không,Không,Có,Không,Thi thoảng,Có,4,1,79,7.8,5.0,5.8
Nam,4,Kinh tế,7.75,4,7,4.3,14.4,Không,1,3,Có,Có,Có,Có,Không,Có,4,1,37,4.6,7.0,6.3
Nữ,3,Kinh tế,8.29,7,19,11.5,33.3,Không,4,4,Không,Có,Có,Có,Không,Không,1,3,34,3.0,8.5,6.8
Nam,4,Kỹ thuật,7.72,3,9,5.5,15.3,Không,5,3,Không,Có,Có,Không,Thi thoảng,Không,4,1,43,3.9,7.0,6.1
Nam,2,Kỹ thuật,6.62,5,9,5.2,18.3,Có,2,2,Không,Không,Có,Không,Có,Không,5,1,46,4.4,7.0,6.2
Nam,2,Kinh tế,9.04,8,21,12.5,37.2,Có,5,2,Có,Không,Có,Có,Có,Không,2,0,50,4.3,9.0,7.6
Nữ,3,Kinh tế,6.84,3,12,7.0,18.9,Không,5,2,Không,Có,Có,Có,Thi thoảng,Có,3,1,84,7.8,7.5,7.6
Nam,4,Kỹ thuật,6.58,5,9,5.5,18.3,Có,1,4,Có,Không,Có,Có,Thi thoảng,Có,2,0,61,5.5,7.0,6.5
Nam,3,Kinh tế,5.04,1,1,0.7,2.7,Không,4,5,Không,Không,Có,Có,Thi thoảng,Có,3,1,64,6.9,4.0,4.9
Nam,4,Kỹ thuật,6.85,4,8,4.8,15.6,Không,3,2,Không,Có,Có,Không,Có,Không,3,3,61,5.2,6.5,6.1
Nam,2,Kỹ thuật,8.42,8,16,9.6,31.2,Có,1,4,Không,Có,Có,Có,Không,Không,1,2,80,7.2,8.5,8.1
Nam,2,Kinh tế,5.46,2,5,3.1,9.0,Không,1,3,Không,Không,Có,Có,Có,Có,5,1,49,5.2,5.5,5.4
Nữ,3,Kinh tế,5.45,1,2,1.2,3.9,Không,1,2,Không,Có,Có,Không,Có,Có,1,0,32,3.3,4.5,4.1
Nam,4,Kỹ thuật,4.88,2,4,2.3,7.8,Không,1,5,Không,Không,Có,Có,Có,Có,2,1,97,9.0,5.0,6.2
Nữ,4,Kỹ thuật,8.66,9,23,13.7,41.1,Có,3,2,Có,Không,Có,Có,Thi thoảng,Không,5,0,59,5.8,9.0,8.0
Nữ,2,Kỹ thuật,6.62,3,2,1.3,6.9,Không,1,5,Không,Không,Có,Có,Không,Có,3,1,94,8.5,5.5,6.4
Nữ,4,Kinh tế,5.93,3,5,3.2,10.5,Không,5,4,Không,Không,Có,Có,Thi thoảng,Có,5,0,82,7.0,5.5,5.9
Nam,3,Kỹ thuật,6.9,5,12,7.0,21.9,Có,2,4,Không,Không,Có,Có,Thi thoảng,Không,1,0,97,9.8,7.5,8.2
Nữ,3,Kinh tế,5.68,2,4,2.5,7.8,Không,2,2,Không,Không,Không,Có,Có,Có,5,2,69,5.7,8.0,7.3
Nữ,3,Kinh tế,5.45,1,1,0.7,2.7,Không,3,2,Không,Không,Có,Có,Thi thoảng,Có,4,1,86,8.2,4.5,5.6
Nam,2,Kỹ thuật,8.39,8,19,11.4,34.8,Có,1,4,Có,Có,Không,Có,Có,Không,3,2,92,8.3,8.5,8.4
Nam,3,Kỹ thuật,5.44,2,4,2.3,7.8,Không,2,2,Không,Không,Có,Không,Thi thoảng,Có,5,1,74,6.9,8.0,7.7
Nam,2,Kỹ thuật,8.53,8,17,10.3,32.4,Có,2,3,Có,Có,Có,Không,Có,Không,1,2,37,2.8,8.5,6.8
Nam,3,Kỹ thuật,7.98,4,10,5.9,18.0,Không,2,5,Không,Không,Có,Có,Có,Không,4,1,72,6.7,7.5,7.3
Nam,4,Kinh tế,5.13,3,4,2.4,9.3,Không,4,2,Không,Không,Có,Có,Có,Có,1,0,43,4.7,5.0,4.9
Nam,4,Kỹ thuật,7.44,3,6,3.6,11.7,Không,4,4,Không,Có,Có,Có,Không,Không,1,0,40,3.7,6.5,5.7
Nam,2,Kinh tế,6.05,3,1,0.5,5.7,Không,2,3,Không,Không,Có,Có,Thi thoảng,Có,1,0,92,9.6,4.5,6.0
Nam,2,Kinh tế,8.09,7,18,10.8,32.1,Có,2,4,Có,Không,Có,Có,Có,Không,4,2,69,6.1,8.5,7.8
Nam,4,Kinh tế,6.69,4,11,6.7,19.2,Có,5,3,Không,Có,Có,Có,Không,Không,1,0,66,6.5,7.0,6.8
Nam,2,Kỹ thuật,7.06,4,12,7.2,20.4,Không,2,5,Không,Không,Có,Có,Thi thoảng,Có,3,0,60,5.2,7.5,6.8
Nam,4,Kỹ thuật,7.2,4,9,5.4,16.8,Không,3,4,Không,Không,Có,Có,Thi thoảng,Không,4,2,40,2.8,7.0,5.7
Nam,2,Kinh tế,7.35,4,12,7.0,20.4,Không,3,2,Có,Có,Có,Có,Có,Có,4,0,51,6.1,7.5,7.1
Nam,2,Kỹ thuật,5.77,3,4,2.6,9.3,Không,4,4,Không,Có,Có,Có,Có,Có,1,2,46,4.1,8.5,7.2
Nữ,2,Kỹ thuật,5.96,3,4,2.6,9.3,Không,2,3,Không,Không,Có,Có,Không,Không,3,0,64,6.2,5.5,5.7
Nữ,2,Kinh tế,5.08,3,5,3.0,10.5,Không,1,3,Không,Có,Không,Có,Không,Không,3,0,70,6.8,5.0,5.5
Nữ,4,Kỹ thuật,5.33,1,5,3.0,7.5,Có,2,3,Không,Không,Có,Có,Thi thoảng,Có,5,1,31,2.1,5.5,4.5
Nữ,2,Kinh tế,6.59,5,6,3.6,14.7,Không,4,3,Không,Có,Có,Có,Có,Có,5,0,68,7.4,6.5,6.8
Nữ,4,Kinh tế,5.24,3,1,0.6,5.7,Không,1,2,Không,Không,Không,Có,Thi thoảng,Có,1,1,38,2.7,4.0,3.6
Nữ,2,Kỹ thuật,7.22,5,8,4.8,17.1,Không,2,5,Có,Có,Có,Có,Không,Không,2,2,95,8.8,7.0,7.5
Nam,3,Kinh tế,7.64,7,16,9.6,29.7,Có,4,2,Có,Có,Có,Có,Thi thoảng,Không,2,1,82,8.2,8.0,8.1
Nam,3,Kỹ thuật,7.52,4,11,6.6,19.2,Có,1,4,Có,Không,Có,Không,Không,Có,5,0,61,5.0,7.5,6.8
Nữ,2,Kinh tế,7.89,4,12,7.0,20.4,Có,5,5,Không,Không,Có,Có,Có,Không,1,2,83,7.0,8.0,7.7
Nữ,2,Kinh tế,7.39,5,11,6.6,20.7,Không,4,5,Không,Có,Có,Có,Thi thoảng,Có,1,0,31,3.7,7.5,6.4
Nam,3,Kỹ thuật,5.53,1,3,1.8,5.1,Không,3,5,Không,Không,Có,Có,Có,Có,4,3,61,5.1,5.0,5.0
Nam,2,Kinh tế,7.44,3,11,6.5,17.7,Không,2,5,Không,Có,Có,Có,Không,Có,4,0,45,4.8,7.5,6.7
Nữ,4,Kinh tế,8.71,9,23,13.8,41.1,Không,4,3,Có,Có,Có,Có,Có,Không,2,2,43,3.6,9.0,7.4
Nam,3,Kỹ thuật,4.28,3,1,0.7,5.7,Không,3,5,Không,Không,Có,Có,Có,Có,5,3,45,3.6,3.5,3.5
Nam,3,Kinh tế,4.99,1,3,1.8,5.1,Không,1,3,Không,Có,Có,Có,Thi thoảng,Có,1,1,81,8.1,4.5,5.6
Nữ,4,Kinh tế,6.34,5,9,5.3,18.3,Có,4,2,Có,Không,Có,Không,Có,Có,3,0,39,4.2,6.5,5.8
Nữ,4,Kinh tế,7.17,4,7,4.1,14.4,Không,2,5,Có,Có,Không,Không,Thi thoảng,Có,3,1,70,6.3,6.5,6.4
Nữ,3,Kinh tế,5.81,3,5,3.2,10.5,Không,2,3,Không,Có,Không,Có,Có,Có,1,1,40,3.4,5.5,4.9
Nữ,3,Kỹ thuật,8.77,7,15,9.0,28.5,Có,5,2,Có,Có,Không,Không,Thi thoảng,Không,2,2,97,9.0,8.5,8.6
Nữ,3,Kỹ thuật,4.76,1,5,3.0,7.5,Không,1,5,Không,Không,Có,Có,Có,Có,4,0,67,6.9,5.0,5.6
Nam,3,Kinh tế,4.88,1,5,2.9,7.5,Không,3,5,Không,Không,Không,Có,Thi thoảng,Có,1,0,86,8.8,5.0,6.1
Nam,4,Kỹ thuật,6.48,3,6,3.7,11.7,Không,3,4,Có,Không,Có,Có,Không,Có,2,0,48,3.8,6.5,5.7
Nữ,3,Kỹ thuật,6.42,3,4,2.4,9.3,Không,3,3,Không,Không,Không,Có,Có,Không,2,0,79,7.2,5.5,6.0
Nữ,4,Kỹ thuật,8.69,6,22,13.3,35.4,Có,4,2,Có,Không,Có,Có,Thi thoảng,Có,1,1,59,4.8,9.0,7.7
Nam,4,Kỹ thuật,7.63,3,12,7.1,18.9,Có,1,3,Có,Có,Có,Có,Có,Không,4,1,65,6.3,7.5,7.1
Nam,4,Kỹ thuật,6.4,3,11,6.6,17.7,Không,4,3,Có,Có,Có,Có,Có,Không,3,1,43,4.2,7.0,6.2
Nam,2,Kinh tế,6.89,3,10,5.9,16.5,Không,4,4,Không,Có,Có,Không,Có,Không,3,1,46,3.5,7.0,5.9
Nam,3,Kinh tế,6.43,3,1,0.6,5.7,Không,2,3,Không,Không,Có,Có,Thi thoảng,Có,2,3,56,4.5,5.0,4.8
Nữ,2,Kỹ thuật,8.97,7,17,10.4,30.9,Có,3,2,Có,Có,Có,Có,Không,Không,4,2,87,7.6,8.5,8.2
Nữ,2,Kinh tế,6.83,5,6,3.7,14.7,Có,5,3,Không,Không,Có,Có,Không,Có,1,0,90,8.7,6.5,7.2
Nữ,3,Kỹ thuật,5.62,1,4,2.5,6.3,Không,1,3,Không,Không,Có,Có,Không,Có,1,2,48,3.7,5.0,4.6
Nam,4,Kinh tế,8.39,7,16,9.5,29.7,Có,1,4,Có,Có,Có,Có,Có,Không,5,1,54,4.8,8.5,7.4
Nam,3,Kinh tế,7.38,5,9,5.2,18.3,Có,5,2,Có,Không,Có,Có,Không,Không,5,0,37,3.5,7.0,5.9
Nam,3,Kỹ thuật,6.2,2,4,2.3,7.8,Không,4,3,Không,Có,Có,Có,Không,Có,5,3,38,2.8,5.5,4.7
Nữ,2,Kỹ thuật,5.89,2,5,3.1,9.0,Không,3,5,Không,Không,Có,Có,Không,Có,4,1,96,8.7,5.5,6.5
Nam,3,Kinh tế,6.67,3,7,4.3,12.9,Không,5,4,Không,Có,Không,Có,Không,Không,3,0,87,9.2,6.5,7.3
Nữ,3,Kinh tế,4.95,1,1,0.5,2.7,Không,1,5,Không,Có,Có,Có,Thi thoảng,Có,2,0,48,4.7,4.0,4.2
Nam,4,Kỹ thuật,4.2,3,4,2.4,9.3,Không,1,2,Không,Không,Có,Có,Không,Có,4,0,93,9.6,4.5,6.0
Nữ,2,Kinh tế,7.38,4,6,3.6,13.2,Không,5,4,Có,Không,Không,Không,Không,Không,4,2,30,2.5,6.5,5.3
Nữ,4,Kỹ thuật,5.87,3,1,0.5,5.7,Có,1,2,Không,Không,Có,Có,Không,Có,2,2,56,5.0,9.0,7.8
Nam,3,Kinh tế,7.52,4,7,4.1,14.4,Có,1,3,Không,Không,Có,Có,Có,Không,1,2,67,5.3,7.0,6.5
Nam,4,Kỹ thuật,7.74,3,12,7.1,18.9,Không,5,5,Có,Không,Có,Có,Thi thoảng,Có,1,1,55,4.9,7.5,6.7
Nữ,2,Kỹ thuật,7.2,5,9,5.6,18.3,Có,1,4,Có,Có,Có,Không,Thi thoảng,Không,1,1,49,4.4,7.0,6.2
Nam,3,Kinh tế,8.03,5,6,3.7,14.7,Không,3,2,Có,Có,Có,Có,Không,Không,1,2,86,7.4,7.0,7.1
Nữ,2,Kỹ thuật,6.72,5,9,5.5,18.3,Có,1,2,Có,Không,Có,Có,Thi thoảng,Có,4,0,41,5.3,7.0,6.5
Nữ,2,Kinh tế,4.85,2,5,3.1,9.0,Không,5,5,Không,Không,Không,Có,Không,Có,1,0,90,9.1,5.0,6.2
Nam,4,Kinh tế,4.49,1,1,0.7,2.7,Không,3,3,Không,Không,Có,Có,Có,Có,5,0,72,7.4,3.5,4.7
Nam,2,Kinh tế,8.38,6,17,10.1,29.4,Có,4,4,Có,Không,Có,Không,Thi thoảng,Có,3,0,35,3.4,8.5,7.0
Nam,3,Kinh tế,8.66,6,19,11.4,31.8,Có,4,3,Có,Có,Có,Có,Có,Có,4,2,65,6.1,8.5,7.8
Nam,3,Kinh tế,5.83,1,3,1.7,5.1,Không,2,4,Không,Không,Có,Có,Có,Không,5,0,68,5.6,5.0,5.2
Nữ,3,Kinh tế,7.09,3,6,3.5,11.7,Có,1,3,Không,Không,Có,Không,Thi thoảng,Có,1,3,45,4.0,6.5,5.8
Nam,2,Kỹ thuật,7.77,4,6,3.5,13.2,Không,2,4,Có,Có,Có,Không,Không,Không,2,2,59,4.8,6.5,6.0
Nữ,3,Kỹ thuật,6.81,3,7,4.2,12.9,Có,4,2,Có,Không,Có,Có,Có,Không,4,2,98,10.0,6.5,7.6
Nữ,4,Kinh tế,7.38,5,9,5.4,18.3,Không,3,4,Có,Có,Có,Không,Có,Có,5,2,96,8.9,7.0,7.6
Nữ,2,Kỹ thuật,7.74,8,16,9.5,31.2,Có,3,5,Có,Có,Không,Có,Thi thoảng,Không,2,0,66,6.6,8.0,7.6
Nữ,2,Kinh tế,8.74,9,25,15.1,43.5,Có,1,4,Có,Có,Có,Không,Có,Không,4,2,48,4.3,9.5,7.9
Nữ,4,Kỹ thuật,7.89,9,15,9.0,31.5,Có,2,4,Không,Không,Có,Có,Thi thoảng,Không,3,3,51,3.6,8.0,6.7
Nữ,3,Kinh tế,5.6,1,4,2.4,6.3,Có,1,2,Có,Không,Có,Có,Có,Có,1,2,61,5.4,5.0,5.1
Nữ,2,Kinh tế,5.66,2,5,2.9,9.0,Không,3,3,Không,Không,Có,Có,Thi thoảng,Có,1,0,82,8.3,9.5,9.1
Nam,3,Kinh tế,5.59,3,1,0.7,5.7,Không,1,2,Có,Không,Có,Có,Có,Không,2,1,36,3.3,4.5,4.1
Nữ,4,Kinh tế,8.84,6,16,9.6,28.2,Không,5,2,Có,Có,Có,Có,Thi thoảng,Không,2,1,41,2.9,4.0,3.7
Nam,2,Kỹ thuật,8.48,8,17,10.2,32.4,Có,2,4,Có,Có,Có,Có,Không,Không,5,3,34,1.5,8.5,6.4
Nam,2,Kỹ thuật,8.09,6,24,14.4,37.8,Có,4,4,Có,Có,Có,Có,Không,Có,1,0,47,5.3,9.0,7.9
Nam,3,Kinh tế,8.7,9,22,13.2,39.9,Có,2,3,Có,Không,Có,Có,Thi thoảng,Không,5,1,72,6.2,9.0,8.2
Nam,3,Kinh tế,6.99,5,9,5.5,18.3,Có,2,3,Không,Không,Có,Có,Thi thoảng,Có,1,1,85,8.4,7.0,7.4
Nam,4,Kỹ thuật,5.12,2,1,0.6,4.2,Không,3,5,Không,Không,Có,Có,Thi thoảng,Có,3,2,33,1.3,4.0,3.2
Nữ,3,Kỹ thuật,7.46,4,9,5.4,16.8,Không,3,2,Có,Không,Có,Không,Thi thoảng,Không,1,0,47,4.6,7.0,6.3
Nữ,4,Kỹ thuật,4.88,3,4,2.3,9.3,Không,4,2,Không,Không,Có,Có,Không,Có,3,2,81,7.6,5.0,5.8
Nam,3,Kinh tế,5.3,1,2,1.1,3.9,Không,3,5,Không,Có,Có,Không,Thi thoảng,Có,1,0,91,9.7,4.5,6.1
Nữ,3,Kinh tế,6.48,5,7,4.2,15.9,Không,4,2,Có,Không,Có,Có,Không,Không,1,2,59,5.4,6.5,6.2
Nữ,2,Kinh tế,7.51,4,12,7.4,20.4,Không,4,2,Không,Có,Có,Có,Không,Có,5,0,82,7.4,7.5,7.5
Nam,2,Kỹ thuật,7.56,3,7,4.3,12.9,Không,2,3,Có,Không,Có,Có,Không,Có,5,1,72,6.9,7.0,7.0
Nam,3,Kỹ thuật,7.52,3,6,3.7,11.7,Không,3,4,Có,Không,Có,Có,Không,Không,2,0,82,7.5,6.5,6.8
Nam,3,Kỹ thuật,8.29,8,17,10.0,32.4,Có,4,4,Có,Có,Có,Có,Không,Có,3,0,36,2.9,8.5,6.8
Nữ,3,Kỹ thuật,4.94,2,3,1.7,6.6,Không,2,5,Không,Không,Có,Có,Không,Có,3,2,78,6.9,4.5,5.2
Nữ,3,Kỹ thuật,5.4,1,3,1.9,5.1,Không,4,4,Có,Không,Có,Có,Thi thoảng,Có,1,0,71,7.1,5.0,5.6
Nữ,2,Kinh tế,5.72,2,2,1.3,5.4,Có,2,3,Có,Không,Có,Có,Có,Không,1,0,61,6.8,4.5,5.2
Nữ,2,Kỹ thuật,8.21,7,21,12.6,35.7,Có,3,5,Có,Có,Có,Có,Có,Không,5,1,62,6.6,9.0,8.3
Nữ,2,Kinh tế,5.05,2,2,1.3,5.4,Không,5,5,Có,Không,Có,Không,Thi thoảng,Có,4,0,66,6.4,4.5,5.1
Nữ,2,Kỹ thuật,5.35,2,5,3.0,9.0,Không,5,3,Không,Không,Có,Có,Có,Có,5,1,52,4.4,5.5,5.2
Nữ,4,Kinh tế,8.96,6,25,14.9,39.0,Có,5,2,Có,Có,Có,Có,Có,Không,2,0,92,9.5,9.5,9.5
Nam,2,Kinh tế,7.37,5,6,3.6,14.7,Có,5,5,Có,Có,Có,Không,Không,Có,4,3,80,6.4,6.5,6.5
Nam,3,Kỹ thuật,7.74,3,7,4.2,12.9,Không,1,4,Không,Có,Có,Không,Không,Có,1,1,31,2.6,7.0,5.7
Nữ,4,Kỹ thuật,7.37,3,10,6.0,16.5,Không,3,3,Không,Không,Có,Có,Không,Có,1,1,39,3.5,7.5,6.3
Nam,3,Kinh tế,3.83,2,2,1.3,5.4,Không,4,5,Có,Không,Có,Không,Không,Có,1,3,41,2.5,3.5,3.2
Nữ,4,Kỹ thuật,7.76,5,7,4.2,15.9,Không,5,3,Không,Có,Có,Có,Không,Có,3,2,96,8.4,7.0,7.4
Nữ,4,Kỹ thuật,6.79,4,8,4.7,15.6,Không,4,3,Không,Có,Có,Không,Thi thoảng,Không,5,2,80,7.0,6.5,6.6
Nữ,4,Kỹ thuật,7.51,3,7,4.2,12.9,Không,5,3,Có,Không,Không,Không,Không,Không,1,2,58,5.3,7.0,6.5
Nữ,4,Kỹ thuật,7.06,3,11,6.6,17.7,Có,5,5,Không,Có,Có,Có,Có,Không,1,1,70,7.3,7.5,7.4
Nam,3,Kỹ thuật,8.19,6,22,13.0,35.4,Có,4,2,Có,Có,Có,Không,Có,Có,4,0,57,4.6,4.0,4.2
Nam,2,Kỹ thuật,7.37,4,8,4.9,15.6,Không,3,3,Không,Không,Có,Không,Thi thoảng,Có,3,3,56,3.8,7.0,6.0
Nữ,3,Kỹ thuật,5.33,2,1,0.6,4.2,Không,4,2,Không,Không,Có,Có,Có,Có,5,2,71,6.4,4.0,4.7
Nữ,3,Kỹ thuật,6.25,5,12,7.2,21.9,Không,2,4,Có,Không,Có,Có,Có,Có,5,1,40,3.5,7.0,5.9
Nam,3,Kỹ thuật,9.18,7,18,10.8,32.1,Có,4,4,Có,Có,Không,Có,Không,Không,2,0,89,8.1,8.5,8.4
Nam,2,Kinh tế,6.18,1,3,1.8,5.1,Không,4,3,Không,Có,Có,Có,Không,Có,1,2,90,8.7,5.5,6.5
Nữ,2,Kinh tế,5.76,2,3,1.9,6.6,Không,3,5,Không,Không,Có,Có,Có,Có,1,1,49,4.3,5.0,4.8
Nam,4,Kỹ thuật,7.94,3,7,4.3,12.9,Có,4,4,Không,Không,Có,Có,Thi thoảng,Có,5,0,51,6.1,7.0,6.7
Nam,2,Kỹ thuật,7.04,4,11,6.6,19.2,Có,5,2,Không,Không,Có,Có,Có,Có,1,1,98,9.6,7.5,8.1
Nữ,4,Kinh tế,6.99,3,6,3.6,11.7,Có,4,5,Không,Có,Có,Có,Không,Không,2,0,88,8.5,6.5,7.1
Nam,2,Kỹ thuật,7.83,3,6,3.6,11.7,Có,4,2,Không,Không,Có,Có,Thi thoảng,Có,2,1,89,9.0,7.0,7.6
Nam,4,Kinh tế,7.9,6,22,13.1,35.4,Có,1,3,Có,Không,Không,Không,Không,Không,1,0,46,3.2,9.0,7.3
Nữ,2,Kỹ thuật,5.06,3,1,0.6,5.7,Không,1,4,Không,Không,Có,Không,Thi thoảng,Có,2,2,86,8.3,4.0,5.3
Nam,3,Kinh tế,7.66,8,17,10.3,32.4,Có,5,5,Có,Không,Có,Không,Có,Không,1,3,37,2.4,8.0,6.3
Nữ,3,Kỹ thuật,5.0,2,4,2.3,7.8,Không,3,4,Không,Không,Có,Có,Có,Có,1,0,64,7.5,5.0,5.8
Nữ,2,Kinh tế,8.47,7,16,9.5,29.7,Không,4,2,Có,Có,Không,Không,Không,Không,4,1,70,6.6,8.5,7.9
Nữ,2,Kỹ thuật,8.11,9,16,9.5,32.7,Có,4,3,Có,Không,Có,Có,Không,Không,2,1,39,4.2,8.0,6.9
Nữ,3,Kỹ thuật,4.57,3,1,0.8,5.7,Không,5,4,Không,Không,Có,Không,Thi thoảng,Không,4,0,46,3.9,4.0,4.0
Nữ,2,Kinh tế,4.61,2,2,1.2,5.4,Không,3,4,Không,Không,Có,Có,Có,Có,2,3,90,7.3,4.0,5.0
Nữ,3,Kinh tế,6.16,4,10,5.9,18.0,Không,3,4,Không,Không,Có,Có,Có,Không,5,0,98,9.4,7.0,7.7
Nam,2,Kinh tế,5.07,2,4,2.4,7.8,Không,5,5,Không,Không,Không,Có,Không,Có,2,0,47,4.0,5.0,4.7
Nữ,2,Kỹ thuật,8.86,8,23,13.9,39.6,Có,4,2,Có,Không,Có,Có,Có,Không,4,0,76,7.2,9.0,8.5
Nữ,2,Kỹ thuật,5.71,2,2,1.1,5.4,Không,4,3,Có,Không,Có,Có,Có,Có,1,0,75,8.5,4.5,5.7
Nam,2,Kinh tế,6.22,1,2,1.3,3.9,Không,4,2,Không,Không,Có,Có,Có,Có,2,2,81,7.3,5.0,5.7
Nữ,4,Kinh tế,5.85,4,10,6.0,18.0,Có,4,3,Có,Có,Có,Có,Không,Không,3,0,41,3.7,6.5,5.7
Nam,3,Kinh tế,7.59,4,6,3.7,13.2,Không,4,2,Không,Không,Có,Có,Thi thoảng,Có,1,2,88,7.2,6.5,6.7
Nam,4,Kỹ thuật,6.52,3,3,1.8,8.1,Không,5,2,Không,Không,Có,Có,Thi thoảng,Có,5,1,93,8.5,5.5,6.4
Nữ,3,Kỹ thuật,6.5,3,11,6.6,17.7,Không,4,5,Có,Có,Có,Không,Có,Không,1,1,95,9.4,7.0,7.7
Nữ,4,Kỹ thuật,7.65,5,9,5.3,18.3,Không,4,5,Có,Có,Có,Có,Không,Không,2,0,53,5.9,7.0,6.7
Nam,2,Kinh tế,4.8,1,3,1.8,5.1,Có,5,5,Không,Có,Có,Có,Có,Có,5,0,61,6.3,4.5,5.0
Nam,3,Kỹ thuật,5.26,2,2,1.4,5.4,Không,4,4,Không,Không,Có,Có,Thi thoảng,Có,2,2,59,5.1,4.5,4.7
Nữ,3,Kỹ thuật,8.53,8,19,11.3,34.8,Có,1,2,Không,Có,Có,Có,Có,Không,1,0,95,10.0,8.5,9.0
Nữ,3,Kỹ thuật,5.41,1,5,2.9,7.5,Không,5,3,Có,Không,Có,Có,Có,Có,2,3,99,9.0,5.5,6.5
Nam,3,Kỹ thuật,5.82,3,7,4.3,12.9,Có,1,3,Có,Không,Có,Có,Thi thoảng,Có,2,1,68,6.5,6.0,6.1
Nam,4,Kỹ thuật,7.39,8,19,11.4,34.8,Không,4,4,Không,Có,Có,Có,Có,Không,3,0,85,8.1,8.5,8.4
Nữ,4,Kỹ thuật,5.53,1,3,1.8,5.1,Không,1,2,Không,Không,Có,Có,Không,Có,4,2,54,3.8,5.0,4.6
Nữ,3,Kỹ thuật,6.17,3,4,2.4,9.3,Không,1,3,Không,Không,Có,Có,Có,Có,5,1,55,5.2,5.5,5.4
Nam,3,Kỹ thuật,7.33,4,12,7.1,20.4,Có,4,3,Có,Có,Có,Có,Không,Không,1,1,47,3.8,7.5,6.4
Nữ,4,Kinh tế,4.44,3,4,2.3,9.3,Không,3,4,Không,Không,Có,Có,Không,Có,2,0,50,6.0,4.5,4.9
Nam,3,Kỹ thuật,6.24,4,10,6.0,18.0,Có,1,5,Không,Không,Không,Có,Có,Không,1,1,61,5.8,7.0,6.6
Nữ,2,Kỹ thuật,5.18,2,1,0.5,4.2,Không,2,3,Không,Không,Không,Không,Có,Có,2,0,63,6.8,4.0,4.8
Nam,2,Kinh tế,5.82,3,5,2.8,10.5,Không,5,3,Có,Không,Có,Không,Không,Không,2,1,60,5.3,5.5,5.4
Nữ,2,Kỹ thuật,7.97,4,12,7.1,20.4,Không,3,4,Có,Không,Có,Có,Thi thoảng,Có,5,0,76,7.9,8.0,8.0
Nam,4,Kỹ thuật,6.1,2,2,1.2,5.4,Không,1,5,Không,Không,Có,Không,Không,Không,1,2,42,2.2,5.0,4.2
Nữ,2,Kỹ thuật,8.33,9,15,9.0,31.5,Không,1,4,Có,Có,Có,Có,Không,Có,3,0,50,5.6,8.0,7.3
Nam,3,Kỹ thuật,5.9,3,5,3.0,10.5,Không,2,2,Có,Không,Không,Không,Không,Có,2,0,84,8.2,9.5,9.1
Nam,2,Kinh tế,4.62,1,4,2.4,6.3,Không,4,4,Không,Không,Có,Có,Thi thoảng,Không,4,1,79,6.8,9.0,8.3
Nam,3,Kỹ thuật,7.03,5,12,7.2,21.9,Có,2,3,Không,Không,Có,Không,Thi thoảng,Có,5,0,49,4.3,7.5,6.5
Nam,2,Kỹ thuật,8.27,7,16,9.4,29.7,Có,3,3,Có,Không,Có,Không,Có,Không,5,0,90,9.0,8.0,8.3
Nam,4,Kinh tế,8.78,8,19,11.3,34.8,Có,3,5,Có,Có,Có,Có,Không,Không,4,1,67,6.1,8.5,7.8
Nam,3,Kinh tế,5.23,3,3,1.8,8.1,Không,4,5,Không,Không,Có,Có,Thi thoảng,Không,3,0,80,7.9,4.5,5.5
Nữ,2,Kinh tế,7.47,4,10,6.0,18.0,Không,2,4,Có,Có,Có,Có,Có,Có,3,0,39,4.1,7.5,6.5
Nữ,4,Kinh tế,8.96,7,20,12.1,34.5,Có,5,4,Có,Có,Không,Có,Không,Có,3,1,91,8.7,9.0,8.9
Nữ,2,Kỹ thuật,7.27,3,12,6.9,18.9,Không,2,4,Có,Không,Có,Có,Thi thoảng,Có,2,0,94,10.0,7.5,8.2
Nữ,3,Kỹ thuật,7.33,4,10,6.0,18.0,Có,1,2,Có,Có,Không,Có,Có,Có,3,0,91,9.1,7.0,7.6
Nam,4,Kỹ thuật,6.78,4,12,7.2,20.4,Có,1,3,Không,Không,Có,Có,Thi thoảng,Không,2,1,86,7.1,7.5,7.4
Nam,2,Kỹ thuật,4.85,2,2,1.3,5.4,Không,1,3,Không,Không,Có,Có,Có,Có,3,0,58,5.6,4.0,4.5
Nữ,4,Kinh tế,7.72,8,18,10.5,33.6,Không,4,5,Có,Có,Có,Có,Thi thoảng,Có,3,0,79,8.0,8.5,8.4
Nữ,3,Kỹ thuật,5.91,3,5,2.9,10.5,Có,1,2,Có,Không,Có,Có,Thi thoảng,Có,1,0,58,5.8,5.5,5.6
Nữ,4,Kỹ thuật,6.74,3,6,3.8,11.7,Có,2,2,Không,Không,Không,Có,Thi thoảng,Không,5,2,68,6.5,6.5,6.5
Nữ,3,Kỹ thuật,8.46,9,19,11.2,36.3,Có,5,4,Có,Có,Có,Có,Có,Không,1,1,73,7.0,8.5,8.0
Nam,4,Kỹ thuật,8.38,9,15,9.0,31.5,Không,2,3,Có,Có,Có,Có,Có,Không,1,3,85,7.8,8.0,7.9
Nữ,4,Kỹ thuật,8.48,9,25,14.9,43.5,Có,2,4,Có,Có,Có,Có,Không,Không,2,2,46,4.6,9.0,7.7
Nữ,2,Kinh tế,7.06,5,7,4.0,15.9,Không,2,2,Không,Không,Có,Có,Thi thoảng,Không,4,3,50,3.1,6.5,5.5
Nam,4,Kinh tế,4.84,2,2,1.3,5.4,Không,4,5,Không,Không,Có,Có,Có,Có,5,1,72,7.0,4.0,4.9
Nam,3,Kinh tế,7.29,5,9,5.4,18.3,Không,4,4,Không,Có,Có,Có,Không,Có,2,0,75,7.7,7.0,7.2
Nam,3,Kinh tế,6.98,4,8,4.8,15.6,Có,2,4,Có,Có,Có,Không,Có,Có,1,0,36,4.0,7.0,6.1
Nữ,3,Kỹ thuật,7.07,3,6,3.7,11.7,Không,1,4,Không,Có,Có,Có,Thi thoảng,Có,5,0,68,6.3,6.5,6.4
Nam,3,Kỹ thuật,4.91,2,4,2.5,7.8,Không,3,3,Không,Không,Có,Có,Thi thoảng,Có,2,2,68,5.6,5.0,5.2
Nam,4,Kinh tế,5.28,1,3,1.7,5.1,Không,5,2,Không,Có,Có,Có,Thi thoảng,Không,5,0,36,4.2,4.5,4.4
Nam,4,Kinh tế,8.72,6,17,10.2,29.4,Có,2,4,Không,Có,Có,Có,Có,Không,3,1,67,6.9,8.5,8.0
Nam,3,Kỹ thuật,6.52,5,9,5.3,18.3,Có,4,5,Có,Không,Có,Không,Có,Không,1,1,44,4.0,7.0,6.1
Nam,4,Kinh tế,6.02,1,3,2.0,5.1,Có,2,5,Không,Có,Có,Không,Thi thoảng,Có,5,2,64,6.6,5.0,5.5
Nữ,2,Kinh tế,7.16,5,12,7.2,21.9,Không,2,5,Không,Không,Có,Không,Có,Có,1,0,65,6.7,7.5,7.3
Nữ,2,Kỹ thuật,4.32,2,2,1.3,5.4,Không,4,5,Có,Không,Có,Có,Có,Không,5,0,71,6.8,4.0,4.8
Nữ,4,Kỹ thuật,6.58,4,9,5.5,16.8,Có,4,2,Không,Có,Không,Có,Có,Không,3,0,57,5.5,7.0,6.5
Nữ,3,Kinh tế,8.24,7,22,13.3,36.9,Có,3,5,Có,Có,Có,Không,Không,Không,3,0,35,4.1,9.0,7.5
Nữ,4,Kỹ thuật,8.06,7,24,14.4,39.3,Có,5,3,Có,Có,Có,Có,Thi thoảng,Có,4,3,94,7.5,9.0,8.6
Nữ,2,Kinh tế,8.49,7,20,12.2,34.5,Có,2,5,Có,Có,Có,Có,Không,Không,3,3,68,5.8,8.5,7.7
Nam,2,Kinh tế,6.17,2,4,2.3,7.8,Không,2,2,Không,Không,Có,Có,Thi thoảng,Có,4,0,84,7.8,5.5,6.2
Nam,2,Kỹ thuật,5.79,3,4,2.2,9.3,Không,1,4,Có,Không,Có,Có,Có,Có,5,1,78,8.0,5.5,6.2
Nữ,3,Kinh tế,5.45,1,1,0.6,2.7,Không,3,3,Không,Không,Có,Có,Thi thoảng,Có,1,0,50,5.1,4.5,4.7
Nữ,4,Kinh tế,5.45,1,4,2.5,6.3,Không,5,4,Không,Có,Có,Có,Thi thoảng,Có,5,0,38,3.8,5.0,4.6
Nữ,3,Kỹ thuật,8.04,5,11,6.6,20.7,Không,4,3,Không,Có,Có,Có,Không,Có,2,0,45,4.1,7.5,6.5
Nam,3,Kỹ thuật,7.31,4,9,5.5,16.8,Không,1,4,Không,Không,Có,Có,Không,Không,5,1,42,4.0,7.0,6.1
Nam,2,Kinh tế,7.83,7,22,13.1,36.9,Có,4,4,Có,Có,Có,Không,Không,Không,4,0,96,9.0,9.0,9.0
Nữ,2,Kỹ thuật,5.49,3,4,2.4,9.3,Có,1,2,Không,Không,Có,Không,Không,Có,2,2,79,7.4,5.0,5.7
Nữ,2,Kinh tế,6.31,3,8,4.8,14.1,Có,1,3,Có,Không,Có,Có,Thi thoảng,Không,2,1,89,7.8,6.5,6.9
Nữ,2,Kỹ thuật,4.64,3,5,3.2,10.5,Không,3,3,Có,Không,Không,Có,Không,Có,5,0,74,7.3,5.0,5.7
Nam,3,Kinh tế,6.67,4,8,4.9,15.6,Có,3,3,Không,Có,Không,Có,Có,Có,1,1,35,2.9,6.5,5.4
Nữ,3,Kỹ thuật,6.03,2,3,1.8,6.6,Không,3,4,Không,Không,Có,Có,Có,Có,5,1,64,5.8,5.0,5.2
Nam,4,Kinh tế,6.32,5,12,7.3,21.9,Không,1,4,Không,Không,Không,Có,Không,Không,2,2,92,8.5,7.0,7.4
Nam,3,Kinh tế,7.61,3,12,7.4,18.9,Không,5,5,Có,Có,Có,Không,Có,Không,1,1,31,3.3,7.5,6.2
Nam,4,Kinh tế,4.97,1,3,1.8,5.1,Không,5,4,Có,Không,Có,Có,Không,Không,5,0,32,3.2,4.5,4.1
Nữ,2,Kinh tế,8.28,7,22,13.2,36.9,Có,4,3,Có,Có,Có,Có,Có,Không,3,0,40,3.4,9.0,7.3
Nữ,2,Kinh tế,4.68,2,2,1.1,5.4,Không,3,3,Không,Không,Có,Có,Thi thoảng,Không,3,2,88,7.8,4.0,5.1
Nữ,3,Kỹ thuật,7.32,4,7,4.3,14.4,Không,3,3,Không,Không,Có,Có,Thi thoảng,Không,3,0,63,6.3,6.5,6.4
Nữ,3,Kinh tế,6.59,3,9,5.4,15.3,Không,2,5,Có,Không,Có,Không,Có,Không,1,1,47,4.4,7.0,6.2
Nam,2,Kỹ thuật,5.16,1,4,2.4,6.3,Có,2,4,Không,Không,Có,Không,Có,Có,3,1,74,6.2,5.0,5.4
Nữ,3,Kinh tế,6.31,4,6,3.4,13.2,Không,3,4,Có,Có,Có,Có,Có,Có,5,0,46,3.6,6.0,5.3
Nữ,3,Kỹ thuật,6.03,4,9,5.6,16.8,Có,4,4,Có,Có,Có,Có,Thi thoảng,Không,4,1,76,7.4,6.5,6.8
Nam,4,Kỹ thuật,6.61,5,9,5.5,18.3,Không,1,4,Có,Có,Có,Có,Không,Không,1,1,31,1.6,7.0,5.4
Nữ,4,Kỹ thuật,8.27,6,19,11.2,31.8,Có,3,4,Có,Không,Có,Không,Có,Không,3,0,62,5.9,8.5,7.7
Nam,3,Kinh tế,7.17,5,9,5.4,18.3,Không,5,5,Không,Có,Không,Có,Không,Có,5,0,77,7.9,7.0,7.3
Nam,3,Kỹ thuật,9.55,8,16,9.6,31.2,Có,1,3,Có,Có,Không,Có,Không,Không,2,0,97,9.5,8.5,8.8
Nam,2,Kỹ thuật,6.45,5,9,5.4,18.3,Có,5,4,Không,Có,Có,Có,Thi thoảng,Không,4,0,56,5.7,7.0,6.6
Nam,3,Kinh tế,5.29,3,3,1.8,8.1,Không,3,5,Không,Không,Có,Không,Không,Có,1,0,65,7.3,4.5,5.3
Nữ,3,Kỹ thuật,7.71,3,8,4.6,14.1,Có,3,4,Có,Không,Có,Có,Thi thoảng,Không,4,1,52,4.5,7.0,6.2
Nữ,3,Kinh tế,7.8,5,6,3.3,14.7,Không,2,2,Có,Không,Có,Có,Thi thoảng,Không,1,0,49,4.9,7.0,6.4
Nữ,2,Kỹ thuật,5.07,1,1,0.7,2.7,Có,4,4,Không,Có,Có,Không,Có,Có,5,2,58,5.4,4.0,4.4
Nữ,3,Kỹ thuật,7.15,4,8,4.8,15.6,Có,5,5,Có,Không,Có,Không,Thi thoảng,Không,1,2,84,7.4,7.0,7.1
Nữ,4,Kỹ thuật,7.11,3,10,5.9,16.5,Không,4,4,Có,Không,Có,Có,Thi thoảng,Không,3,1,65,6.1,7.0,6.7
Nữ,3,Kỹ thuật,5.79,2,3,1.8,6.6,Không,2,5,Có,Không,Có,Có,Không,Có,2,0,89,8.3,5.0,6.0
Nữ,2,Kinh tế,7.78,6,22,13.2,35.4,Có,3,2,Có,Có,Có,Không,Thi thoảng,Không,4,2,83,7.7,9.0,8.6
Nam,3,Kỹ thuật,7.69,5,6,3.5,14.7,Có,4,2,Có,Không,Có,Có,Có,Có,3,1,33,2.9,6.5,5.4
Nam,3,Kỹ thuật,7.76,8,25,15.0,42.0,Có,4,3,Không,Có,Có,Không,Không,Không,1,0,53,5.1,3.5,4.0
Nữ,4,Kinh tế,8.58,6,15,8.9,27.0,Có,2,4,Có,Không,Có,Không,Không,Không,3,3,41,2.7,8.0,6.4
Nam,3,Kinh tế,8.75,8,20,12.0,36.0,Có,2,3,Có,Có,Không,Có,Có,Không,5,1,62,5.8,9.0,8.0
Nam,3,Kỹ thuật,7.21,4,7,4.3,14.4,Có,2,3,Không,Có,Có,Có,Không,Có,1,3,99,8.4,6.5,7.1
Nam,4,Kinh tế,6.55,5,6,3.6,14.7,Không,2,5,Không,Có,Có,Có,Có,Có,1,0,75,7.4,6.5,6.8
Nam,2,Kỹ thuật,5.58,3,4,2.5,9.3,Không,4,2,Có,Không,Có,Có,Không,Có,3,0,71,6.3,5.0,5.4
Nam,3,Kinh tế,7.75,4,9,5.3,16.8,Không,1,2,Không,Không,Có,Không,Thi thoảng,Có,1,0,53,6.1,7.0,6.7
Nữ,2,Kỹ thuật,8.64,4,11,6.9,19.2,Có,1,5,Không,Có,Có,Có,Thi thoảng,Không,2,0,70,7.3,8.0,7.8
Nam,2,Kinh tế,7.59,4,7,4.3,14.4,Không,2,4,Không,Không,Không,Có,Thi thoảng,Có,2,2,36,2.9,7.0,5.8
Nữ,2,Kỹ thuật,5.75,3,4,2.3,9.3,Không,2,4,Có,Không,Có,Không,Thi thoảng,Có,1,1,82,8.2,5.5,6.3
Nữ,2,Kinh tế,8.19,9,25,15.1,43.5,Có,1,3,Có,Không,Có,Không,Không,Không,1,0,98,9.7,9.0,9.2
Nữ,2,Kỹ thuật,5.41,1,2,1.0,3.9,Không,3,2,Không,Không,Không,Có,Thi thoảng,Không,1,0,50,4.9,4.5,4.6
Nữ,4,Kỹ thuật,6.93,4,6,3.5,13.2,Có,4,4,Không,Không,Có,Không,Thi thoảng,Có,2,1,81,7.0,6.5,6.6
Nữ,2,Kinh tế,5.5,3,5,3.1,10.5,Không,4,4,Không,Không,Có,Có,Thi thoảng,Không,2,0,62,5.8,5.5,5.6
Nam,3,Kinh tế,8.29,9,15,9.0,31.5,Không,3,5,Có,Có,Có,Có,Thi thoảng,Không,1,0,57,6.0,8.0,7.4
Nữ,4,Kỹ thuật,5.21,1,4,2.5,6.3,Không,3,2,Không,Không,Có,Có,Thi thoảng,Có,3,1,46,4.3,5.0,4.8
Nữ,3,Kỹ thuật,6.57,5,6,3.7,14.7,Có,2,3,Có,Có,Có,Có,Thi thoảng,Không,3,2,80,6.8,6.5,6.6
Nam,3,Kỹ thuật,7.07,4,9,5.5,16.8,Không,2,2,Có,Không,Có,Có,Có,Có,1,2,90,8.0,7.0,7.3
Nữ,4,Kinh tế,7.26,5,7,4.2,15.9,Không,3,2,Không,Có,Có,Có,Không,Có,3,1,80,7.6,6.5,6.8
Nữ,2,Kỹ thuật,8.51,8,17,10.2,32.4,Có,1,2,Có,Có,Có,Có,Thi thoảng,Có,4,0,38,3.1,8.5,6.9
Nam,3,Kinh tế,6.28,2,3,1.8,6.6,Không,1,3,Không,Không,Có,Có,Thi thoảng,Có,5,1,90,8.3,5.5,6.3
Nữ,3,Kinh tế,5.71,2,3,1.7,6.6,Không,5,2,Không,Không,Có,Có,Thi thoảng,Có,1,2,47,3.9,5.0,4.7
Nam,3,Kinh tế,7.14,5,10,6.0,19.5,Có,4,4,Không,Có,Có,Không,Thi thoảng,Không,1,0,52,5.1,7.0,6.4
Nữ,4,Kinh tế,7.29,7,23,13.8,38.1,Không,1,3,Có,Có,Không,Có,Thi thoảng,Không,4,1,70,5.8,9.0,8.0
Nữ,4,Kỹ thuật,5.12,2,5,2.9,9.0,Không,2,3,Không,Không,Không,Có,Có,Có,4,1,86,8.0,9.0,8.7
Nam,3,Kỹ thuật,6.17,1,5,3.0,7.5,Không,1,2,Không,Không,Có,Không,Không,Có,2,2,63,5.6,6.0,5.9
Nam,2,Kỹ thuật,5.94,3,10,5.9,16.5,Có,5,5,Không,Không,Có,Có,Có,Không,1,0,95,8.9,6.5,7.2
Nam,3,Kinh tế,6.84,5,10,6.1,19.5,Không,5,3,Không,Không,Có,Có,Thi thoảng,Có,3,3,62,5.1,7.0,6.4
Nam,2,Kỹ thuật,7.34,3,7,4.2,12.9,Có,4,5,Có,Có,Không,Không,Thi thoảng,Không,1,2,68,5.2,7.0,6.5
Nam,2,Kinh tế,8.54,9,16,9.8,32.7,Không,3,5,Có,Không,Có,Không,Có,Không,1,0,71,8.1,2.5,4.2
Nam,3,Kinh tế,5.58,3,4,2.5,9.3,Không,3,3,Không,Không,Có,Có,Thi thoảng,Có,3,1,90,9.1,5.0,6.2
Nữ,3,Kinh tế,7.18,5,12,7.3,21.9,Có,4,5,Có,Có,Có,Không,Có,Không,5,1,56,4.4,7.5,6.6
Nữ,4,Kỹ thuật,7.71,5,8,4.9,17.1,Có,4,4,Có,Có,Có,Có,Thi thoảng,Không,2,0,83,8.6,7.0,7.5
Nữ,4,Kinh tế,6.83,3,7,4.3,12.9,Có,4,3,Có,Không,Có,Có,Có,Không,2,0,54,5.4,6.5,6.2
Nữ,2,Kinh tế,4.7,1,1,0.4,2.7,Có,5,2,Không,Không,Không,Không,Thi thoảng,Có,3,1,92,8.6,4.0,5.4
Nữ,4,Kinh tế,5.22,1,2,1.0,3.9,Không,1,2,Không,Không,Có,Có,Không,Có,3,0,61,5.7,4.5,4.9
Nữ,4,Kỹ thuật,6.67,5,9,5.5,18.3,Có,3,2,Có,Có,Không,Không,Có,Có,1,3,88,7.2,7.0,7.1
Nam,4,Kinh tế,8.33,9,21,12.6,38.7,Có,3,3,Có,Có,Có,Không,Không,Không,5,0,42,5.3,9.0,7.9
Nam,3,Kinh tế,8.32,9,20,11.9,37.5,Có,4,5,Không,Có,Có,Có,Thi thoảng,Không,5,3,48,3.2,8.5,6.9
Nam,2,Kinh tế,6.52,1,5,3.0,7.5,Không,3,3,Không,Không,Có,Có,Có,Có,4,0,50,4.6,6.0,5.6
Nữ,4,Kinh tế,7.3,7,23,13.8,38.1,Có,1,4,Có,Có,Không,Không,Thi thoảng,Có,1,1,58,5.0,9.0,7.8
Nữ,3,Kinh tế,8.73,9,19,11.2,36.3,Không,4,2,Có,Có,Có,Có,Thi thoảng,Không,5,2,72,6.5,8.5,7.9
Nam,4,Kỹ thuật,7.38,4,10,6.0,18.0,Không,4,5,Không,Không,Có,Có,Không,Không,3,0,93,8.9,7.5,7.9
Nữ,3,Kỹ thuật,4.85,3,5,3.0,10.5,Không,3,3,Không,Không,Có,Có,Không,Có,4,1,96,9.5,5.0,6.4
Nữ,4,Kinh tế,8.42,8,24,14.4,40.8,Có,2,5,Không,Có,Có,Có,Không,Không,4,1,35,3.0,9.0,7.2
Nam,4,Kỹ thuật,6.88,3,12,7.0,18.9,Có,3,3,Có,Không,Có,Có,Có,Có,3,0,61,7.2,7.5,7.4
Nữ,4,Kinh tế,6.5,4,11,6.7,19.2,Có,4,4,Có,Có,Có,Có,Không,Có,4,2,44,3.0,7.0,5.8
Nữ,2,Kỹ thuật,8.47,7,20,12.1,34.5,Có,3,3,Có,Có,Có,Có,Không,Có,3,0,52,5.9,8.5,7.7
Nam,4,Kỹ thuật,4.85,1,5,3.0,7.5,Không,1,4,Không,Không,Có,Không,Có,Không,1,0,58,5.4,5.0,5.1
Nam,2,Kinh tế,6.93,3,9,5.4,15.3,Có,1,4,Không,Không,Có,Không,Có,Không,3,1,90,8.0,7.0,7.3
Nam,4,Kỹ thuật,7.28,3,12,7.2,18.9,Không,5,3,Không,Có,Có,Có,Không,Có,4,2,62,5.2,7.5,6.8
Nữ,4,Kinh tế,5.01,2,4,2.4,7.8,Không,3,5,Không,Không,Có,Có,Có,Có,2,1,53,5.2,5.0,5.1
Nam,4,Kinh tế,8.21,3,12,7.3,18.9,Có,2,4,Không,Không,Có,Không,Không,Có,3,0,46,4.9,8.0,7.1
Nữ,3,Kỹ thuật,6.82,4,9,5.5,16.8,Có,5,4,Không,Có,Có,Có,Có,Có,5,2,31,2.8,7.0,5.7
Nam,4,Kỹ thuật,4.72,3,5,2.9,10.5,Có,2,3,Không,Không,Có,Có,Không,Có,4,2,98,9.4,5.0,6.3
Nữ,3,Kinh tế,6.31,4,7,4.3,14.4,Không,3,4,Không,Có,Có,Không,Không,Không,5,3,85,7.5,6.5,6.8
Nam,2,Kỹ thuật,6.04,1,4,2.3,6.3,Không,5,4,Không,Không,Có,Có,Thi thoảng,Không,2,0,61,5.6,5.5,5.5
Nữ,4,Kinh tế,5.35,2,1,0.7,4.2,Không,3,4,Có,Không,Có,Có,Có,Có,3,1,57,5.3,4.0,4.4
Nữ,2,Kỹ thuật,4.93,1,5,3.0,7.5,Không,3,3,Không,Không,Không,Không,Thi thoảng,Có,5,2,86,7.2,5.0,5.7
Nữ,3,Kinh tế,5.33,2,4,2.2,7.8,Có,2,5,Không,Không,Có,Không,Không,Có,3,0,35,3.2,5.0,4.5
Nữ,3,Kinh tế,5.45,2,2,1.2,5.4,Không,5,2,Không,Không,Có,Có,Không,Có,2,2,59,4.6,4.5,4.5
Nữ,4,Kỹ thuật,5.39,3,4,2.3,9.3,Không,1,4,Không,Không,Có,Không,Không,Có,4,0,36,3.4,5.0,4.5
Nam,4,Kinh tế,7.24,5,8,4.8,17.1,Không,1,5,Không,Có,Có,Có,Không,Có,1,2,63,6.2,7.0,6.8
Nữ,2,Kinh tế,6.97,5,12,7.2,21.9,Không,5,3,Có,Không,Có,Không,Không,Có,4,1,86,8.6,7.5,7.8
Nam,2,Kinh tế,6.04,1,2,1.4,3.9,Không,1,5,Không,Có,Có,Có,Không,Có,3,0,95,9.5,5.0,6.4
Nữ,2,Kỹ thuật,8.18,9,18,10.8,35.1,Có,4,2,Có,Có,Có,Không,Không,Không,2,0,61,5.4,8.5,7.6
Nam,3,Kỹ thuật,5.83,2,3,1.9,6.6,Không,2,5,Không,Không,Không,Có,Thi thoảng,Không,5,2,53,4.9,5.0,5.0
Nam,3,Kinh tế,8.87,6,23,13.8,36.6,Có,4,5,Có,Có,Có,Có,Có,Không,1,0,95,9.9,9.0,9.3
Nữ,3,Kinh tế,6.01,3,12,7.3,18.9,Không,2,3,Có,Không,Có,Có,Không,Có,4,0,70,7.1,7.0,7.0
Nữ,2,Kỹ thuật,5.46,3,1,0.6,5.7,Không,4,4,Không,Không,Có,Có,Thi thoảng,Không,2,1,83,7.4,4.5,5.4
Nam,3,Kỹ thuật,6.21,2,3,1.9,6.6,Không,5,2,Không,Không,Không,Có,Thi thoảng,Không,5,0,77,7.9,5.5,6.2
Nữ,2,Kỹ thuật,6.96,3,6,3.5,11.7,Có,4,2,Có,Có,Có,Không,Không,Không,5,3,92,7.6,6.5,6.8
Nam,3,Kinh tế,5.31,1,4,2.4,6.3,Không,3,3,Không,Có,Có,Không,Không,Có,1,2,84,7.5,5.0,5.8
Nam,4,Kinh tế,9.18,8,16,9.7,31.2,Có,2,2,Có,Có,Có,Không,Có,Không,4,1,43,3.2,8.5,6.9
Nữ,3,Kinh tế,4.7,1,1,0.5,2.7,Có,3,3,Không,Có,Có,Có,Thi thoảng,Có,2,0,60,5.8,4.0,4.5
Nữ,4,Kinh tế,8.3,6,23,13.9,36.6,Có,3,2,Không,Có,Có,Không,Không,Có,2,0,80,8.3,9.0,8.8
Nữ,3,Kỹ thuật,8.56,7,24,14.3,39.3,Có,4,2,Có,Có,Có,Có,Thi thoảng,Không,4,0,97,9.4,9.0,9.1
Nữ,3,Kinh tế,8.47,9,19,11.3,36.3,Có,4,2,Có,Không,Có,Có,Thi thoảng,Không,1,0,70,7.0,8.5,8.0
Nữ,3,Kỹ thuật,9.45,9,21,12.7,38.7,Có,4,5,Có,Có,Có,Có,Có,Có,4,0,78,7.3,9.0,8.5
Nữ,2,Kinh tế,6.96,5,9,5.3,18.3,Không,1,3,Có,Có,Có,Có,Không,Không,3,0,76,7.1,7.0,7.0
Nữ,3,Kỹ thuật,5.1,2,5,2.9,9.0,Không,2,5,Không,Không,Có,Có,Có,Có,2,2,82,7.8,5.0,5.8
Nam,2,Kinh tế,7.05,5,6,3.6,14.7,Không,1,5,Không,Có,Có,Có,Có,Có,2,1,68,7.3,6.5,6.7
Nam,2,Kinh tế,7.41,4,8,4.6,15.6,Không,3,4,Không,Không,Có,Không,Không,Có,1,0,31,2.1,7.0,5.5
Nam,3,Kinh tế,7.01,3,12,7.3,18.9,Không,2,3,Không,Có,Có,Không,Không,Không,2,1,66,6.2,7.5,7.1
Nam,4,Kinh tế,5.49,1,3,1.7,5.1,Không,4,4,Không,Không,Không,Có,Thi thoảng,Có,5,1,42,4.5,5.0,4.8
Nữ,3,Kinh tế,6.87,3,6,3.6,11.7,Không,5,2,Có,Có,Không,Có,Thi thoảng,Không,4,0,68,6.3,6.5,6.4
Nam,3,Kỹ thuật,5.69,2,3,1.9,6.6,Không,5,3,Không,Không,Có,Không,Thi thoảng,Có,5,3,83,7.3,5.0,5.7
Nam,3,Kỹ thuật,7.19,4,10,5.9,18.0,Có,3,5,Có,Không,Không,Có,Không,Không,1,2,59,5.9,7.0,6.7
Nữ,4,Kỹ thuật,3.68,2,2,1.2,5.4,Có,5,2,Có,Có,Có,Không,Có,Có,3,2,83,7.1,3.5,4.6
Nam,4,Kỹ thuật,5.3,2,3,1.8,6.6,Không,2,3,Không,Không,Không,Không,Có,Có,3,1,41,2.8,4.5,4.0
Nam,3,Kỹ thuật,6.81,3,10,6.1,16.5,Có,5,2,Không,Không,Có,Không,Có,Có,2,0,94,9.6,7.0,7.8
Nam,2,Kinh tế,5.0,3,2,1.4,6.9,Có,2,5,Có,Không,Có,Có,Thi thoảng,Có,3,3,49,3.9,4.5,4.3
Nam,3,Kinh tế,7.62,5,6,3.4,14.7,Có,1,5,Có,Không,Có,Có,Có,Có,2,1,36,2.6,6.5,5.3
Nam,4,Kỹ thuật,4.93,2,1,0.7,4.2,Có,1,5,Không,Không,Có,Có,Có,Không,1,2,35,1.6,4.0,3.3
Nam,3,Kinh tế,6.61,1,3,1.8,5.1,Không,5,2,Không,Không,Có,Có,Thi thoảng,Có,4,0,43,4.2,5.5,5.1
Nữ,4,Kinh tế,8.19,7,25,14.9,40.5,Có,4,2,Có,Có,Có,Không,Có,Có,5,3,33,2.6,9.0,7.1
Nữ,4,Kinh tế,7.06,4,8,4.9,15.6,Không,1,4,Có,Có,Có,Có,Có,Có,5,3,61,4.5,7.0,6.2
Nam,2,Kỹ thuật,7.37,4,6,3.7,13.2,Có,4,4,Không,Không,Có,Không,Có,Không,1,1,82,8.2,6.5,7.0
Nữ,3,Kỹ thuật,8.4,6,20,12.0,33.0,Có,3,2,Có,Có,Có,Có,Thi thoảng,Có,5,2,97,9.0,8.5,8.6
Nam,2,Kỹ thuật,5.09,2,3,1.9,6.6,Không,3,3,Không,Không,Có,Không,Có,Không,5,0,70,6.7,4.5,5.2
Nam,3,Kỹ thuật,5.14,3,3,1.8,8.1,Không,1,5,Không,Không,Có,Có,Thi thoảng,Có,1,2,90,7.2,4.5,5.3
Nam,4,Kỹ thuật,7.67,5,6,3.7,14.7,Không,2,3,Có,Có,Có,Có,Thi thoảng,Không,3,2,30,2.0,6.5,5.1
Nam,4,Kỹ thuật,6.62,3,11,6.5,17.7,Không,3,2,Không,Có,Không,Có,Có,Có,4,0,88,8.0,7.0,7.3
Nam,4,Kinh tế,7.56,3,9,5.4,15.3,Không,4,5,Có,Không,Có,Có,Thi thoảng,Có,4,0,31,3.5,7.0,5.9
Nữ,4,Kinh tế,7.21,5,8,4.7,17.1,Không,1,5,Không,Không,Có,Không,Không,Có,2,0,94,9.7,7.0,7.8
Nam,3,Kinh tế,7.54,3,7,4.2,12.9,Có,5,4,Không,Có,Có,Có,Có,Có,3,0,60,6.0,7.0,6.7
Nam,4,Kỹ thuật,8.01,6,25,14.8,39.0,Có,3,5,Không,Có,Có,Có,Thi thoảng,Không,1,1,30,2.1,3.5,3.1
Nữ,2,Kỹ thuật,5.41,1,3,1.7,5.1,Không,2,5,Không,Không,Không,Không,Thi thoảng,Có,2,1,74,7.5,5.0,5.8
Nữ,3,Kỹ thuật,5.89,1,3,1.8,5.1,Không,2,3,Không,Không,Có,Không,Có,Có,5,1,62,5.6,5.0,5.2
Nữ,2,Kỹ thuật,5.41,3,5,2.9,10.5,Không,3,2,Không,Không,Có,Có,Thi thoảng,Có,4,3,85,7.5,5.5,6.1
Nữ,4,Kỹ thuật,7.69,3,9,5.4,15.3,Không,4,2,Không,Không,Có,Có,Không,Có,1,0,48,4.8,7.0,6.3
Nữ,3,Kỹ thuật,7.18,5,12,7.2,21.9,Không,5,5,Có,Có,Có,Có,Không,Không,3,2,68,6.5,7.5,7.2
Nam,2,Kinh tế,8.15,7,25,15.3,40.5,Có,5,4,Có,Có,Không,Không,Có,Không,1,1,52,4.7,9.0,7.7
Nam,2,Kinh tế,8.48,7,15,8.9,28.5,Có,5,3,Có,Có,Có,Có,Thi thoảng,Không,5,0,52,5.7,8.0,7.3
Nam,4,Kỹ thuật,6.27,5,7,4.0,15.9,Không,1,2,Có,Có,Có,Có,Có,Không,5,0,65,6.8,6.5,6.6
Nữ,4,Kỹ thuật,4.36,3,5,3.1,10.5,Không,3,2,Không,Không,Có,Không,Có,Có,1,2,51,4.0,4.5,4.4
Nam,2,Kinh tế,7.71,4,12,7.2,20.4,Không,3,2,Không,Không,Có,Có,Thi thoảng,Không,1,1,37,2.9,7.5,6.1
Nam,2,Kinh tế,5.35,2,2,1.2,5.4,Không,4,2,Không,Có,Có,Có,Có,Có,3,0,83,7.4,4.5,5.4
Nữ,3,Kinh tế,4.32,2,1,0.5,4.2,Không,3,5,Không,Không,Có,Có,Thi thoảng,Không,4,0,88,9.3,3.5,5.2
Nam,3,Kỹ thuật,6.51,3,9,5.7,15.3,Không,3,3,Không,Không,Có,Có,Thi thoảng,Có,2,2,66,5.9,7.0,6.7
Nữ,4,Kinh tế,7.96,6,19,11.4,31.8,Không,4,3,Có,Có,Có,Không,Thi thoảng,Không,5,1,49,4.2,8.5,7.2
Nam,2,Kỹ thuật,7.85,6,23,13.7,36.6,Có,5,2,Có,Có,Có,Có,Có,Có,1,2,38,3.0,9.0,7.2
Nam,4,Kỹ thuật,8.65,9,18,10.7,35.1,Có,2,5,Có,Có,Có,Có,Có,Không,5,1,33,2.6,8.5,6.7
Nữ,3,Kinh tế,5.02,1,4,2.4,6.3,Không,1,3,Không,Không,Không,Không,Không,Có,1,3,88,6.8,5.0,5.5
Nam,4,Kỹ thuật,5.49,2,3,1.7,6.6,Không,4,4,Không,Không,Có,Không,Có,Có,2,3,43,2.5,5.0,4.2
Nữ,4,Kỹ thuật,8.37,7,21,12.4,35.7,Không,1,2,Có,Không,Có,Có,Có,Có,1,3,34,2.5,9.0,7.0
Nữ,3,Kỹ thuật,5.87,3,1,0.5,5.7,Không,2,2,Có,Có,Có,Có,Không,Có,1,0,69,7.0,4.5,5.2
Nam,2,Kỹ thuật,4.66,3,3,1.9,8.1,Không,4,5,Không,Không,Có,Có,Không,Không,1,1,53,5.1,4.5,4.7
Nữ,2,Kỹ thuật,6.32,4,12,7.1,20.4,Có,4,2,Có,Có,Có,Có,Không,Có,1,1,47,4.0,7.0,6.1
Nam,4,Kinh tế,7.23,3,11,6.5,17.7,Không,3,4,Có,Có,Có,Có,Không,Không,2,2,95,9.0,7.5,8.0
Nữ,4,Kinh tế,8.94,7,16,9.8,29.7,Có,4,5,Có,Có,Không,Có,Không,Không,5,0,58,6.1,8.5,7.8
Nữ,2,Kỹ thuật,7.67,5,12,7.1,21.9,Có,3,2,Không,Có,Có,Không,Có,Có,2,0,71,7.1,7.5,7.4
Nam,4,Kỹ thuật,7.1,4,7,4.2,14.4,Có,3,3,Có,Có,Có,Có,Thi thoảng,Có,4,0,52,5.8,6.5,6.3
Nữ,4,Kỹ thuật,8.26,6,22,13.3,35.4,Có,4,2,Có,Không,Có,Có,Có,Không,2,2,46,2.7,9.0,7.1
Nữ,4,Kỹ thuật,7.33,5,8,4.9,17.1,Có,4,3,Có,Không,Có,Có,Không,Có,2,2,41,3.1,7.0,5.8
Nam,3,Kinh tế,5.08,3,5,2.9,10.5,Không,5,3,Không,Không,Có,Có,Thi thoảng,Có,2,2,31,1.8,5.0,4.0
Nữ,4,Kinh tế,8.69,7,19,11.5,33.3,Có,4,2,Có,Không,Có,Có,Không,Không,5,0,98,9.1,8.5,8.7
Nữ,4,Kỹ thuật,4.82,1,3,1.7,5.1,Có,4,4,Không,Không,Không,Không,Thi thoảng,Có,1,2,69,5.5,4.5,4.8
Nam,2,Kỹ thuật,5.52,2,4,2.3,7.8,Có,2,2,Không,Có,Không,Có,Có,Có,3,0,59,6.0,5.0,5.3
Nữ,3,Kinh tế,5.94,1,5,2.8,7.5,Không,2,2,Không,Không,Không,Không,Có,Có,5,0,79,8.7,5.5,6.5
Nam,2,Kinh tế,6.43,2,1,0.8,4.2,Có,3,3,Có,Không,Có,Không,Thi thoảng,Không,1,0,95,9.7,9.5,9.6
Nam,4,Kinh tế,7.03,3,9,5.4,15.3,Có,5,4,Không,Có,Có,Không,Có,Có,4,0,30,2.5,7.0,5.6
Nữ,3,Kỹ thuật,5.81,3,2,1.2,6.9,Có,2,5,Không,Không,Có,Không,Thi thoảng,Có,5,0,41,4.4,5.0,4.8
Nữ,3,Kỹ thuật,5.84,3,3,1.7,8.1,Không,3,2,Không,Không,Có,Có,Có,Có,4,1,40,3.6,8.5,7.0
Nam,4,Kinh tế,8.33,9,17,10.3,33.9,Có,1,2,Có,Không,Có,Có,Không,Có,4,0,32,3.0,8.5,6.8
Nữ,4,Kỹ thuật,8.11,7,15,9.1,28.5,Có,4,5,Có,Có,Không,Có,Có,Không,4,0,83,9.8,8.0,8.5
Nam,3,Kỹ thuật,5.82,3,3,1.7,8.1,Có,3,2,Không,Không,Có,Không,Không,Không,4,0,67,6.9,5.0,5.6
Nam,2,Kinh tế,8.03,5,7,4.0,15.9,Không,3,4,Có,Có,Có,Có,Không,Không,1,0,73,8.0,7.0,7.3
Nam,3,Kinh tế,5.24,1,1,0.7,2.7,Không,3,2,Không,Không,Có,Có,Có,Có,3,2,54,4.6,4.0,4.2
Nữ,4,Kỹ thuật,7.99,4,7,4.2,14.4,Có,4,5,Có,Không,Có,Có,Thi thoảng,Không,2,1,74,7.0,7.0,7.0
Nữ,2,Kỹ thuật,7.88,5,6,3.5,14.7,Có,3,5,Có,Có,Có,Có,Không,Có,2,2,77,7.4,7.0,7.1
Nữ,4,Kinh tế,6.85,4,11,6.4,19.2,Không,4,2,Có,Có,Có,Có,Không,Có,3,3,35,2.9,7.0,5.8
Nam,2,Kinh tế,5.62,2,4,2.5,7.8,Không,2,3,Không,Không,Không,Có,Không,Không,3,0,55,5.2,5.0,5.1
Nữ,2,Kinh tế,6.74,3,12,7.3,18.9,Có,3,4,Không,Có,Có,Không,Không,Không,1,0,81,9.4,7.5,8.1
Nữ,3,Kỹ thuật,8.41,9,21,12.7,38.7,Có,3,2,Có,Không,Có,Không,Thi thoảng,Không,4,0,84,8.3,9.0,8.8
Nam,2,Kinh tế,7.07,4,10,6.0,18.0,Có,1,2,Không,Có,Có,Có,Không,Có,1,0,51,5.5,7.0,6.5
Nam,3,Kinh tế,7.12,3,6,3.6,11.7,Không,3,2,Có,Có,Có,Không,Thi thoảng,Có,3,0,53,5.2,6.5,6.1
Nữ,3,Kỹ thuật,7.43,6,25,14.8,39.0,Có,4,5,Không,Có,Có,Có,Không,Không,2,1,85,8.2,9.0,8.8
Nam,2,Kỹ thuật,6.95,4,10,6.0,18.0,Không,1,5,Không,Không,Có,Có,Có,Có,4,3,43,3.4,7.0,5.9
Nữ,2,Kinh tế,8.7,7,16,9.5,29.7,Có,2,4,Có,Có,Có,Có,Không,Không,3,0,49,4.9,8.5,7.4
Nam,3,Kỹ thuật,6.19,5,6,3.7,14.7,Có,5,5,Có,Có,Không,Có,Thi thoảng,Không,5,3,70,5.5,6.0,5.8
Nam,4,Kỹ thuật,5.08,1,5,3.1,7.5,Không,1,5,Không,Có,Có,Có,Có,Có,2,2,87,7.7,5.0,5.8
Nam,2,Kinh tế,8.86,7,19,11.5,33.3,Không,3,3,Không,Có,Có,Có,Có,Không,5,2,49,3.9,8.5,7.1
Nữ,2,Kỹ thuật,4.98,1,3,1.9,5.1,Không,1,3,Không,Có,Không,Có,Không,Có,2,0,67,6.1,4.5,5.0
Nam,2,Kinh tế,6.87,4,12,7.2,20.4,Không,4,3,Không,Có,Có,Có,Có,Có,3,1,93,9.2,7.5,8.0
Nữ,3,Kỹ thuật,8.55,7,16,9.5,29.7,Có,2,4,Có,Có,Có,Có,Không,Không,2,0,97,9.6,8.5,8.8
Nữ,4,Kỹ thuật,7.79,3,7,4.3,12.9,Có,3,3,Không,Có,Có,Có,Có,Không,3,2,44,4.6,7.0,6.3
Nữ,4,Kinh tế,5.25,2,2,1.2,5.4,Không,5,5,Không,Không,Có,Có,Không,Có,3,1,75,7.5,4.5,5.4
Nữ,4,Kỹ thuật,8.15,9,17,10.1,33.9,Có,1,4,Có,Có,Có,Có,Có,Không,4,0,44,4.4,8.5,7.3
Nữ,4,Kinh tế,8.29,9,21,12.5,38.7,Không,1,3,Có,Có,Có,Không,Có,Không,1,2,88,8.6,9.0,8.9
Nam,4,Kỹ thuật,6.77,3,12,7.0,18.9,Có,2,4,Có,Có,Có,Có,Có,Không,4,3,51,4.3,7.5,6.5
Nữ,2,Kinh tế,5.35,1,2,1.2,3.9,Có,3,3,Không,Không,Có,Không,Thi thoảng,Không,5,1,62,5.9,4.5,4.9
Nam,4,Kỹ thuật,5.71,3,5,2.9,10.5,Không,2,4,Không,Không,Không,Có,Thi thoảng,Có,3,2,57,4.9,5.5,5.3
Nữ,3,Kinh tế,8.19,5,9,5.5,18.3,Có,1,3,Có,Không,Có,Có,Không,Có,4,0,31,3.0,7.5,6.2
Nữ,3,Kinh tế,8.39,8,22,13.3,38.4,Có,5,3,Có,Có,Không,Có,Không,Không,2,0,31,3.1,9.0,7.2
Nam,4,Kỹ thuật,5.53,2,1,0.8,4.2,Không,2,2,Không,Không,Không,Có,Có,Có,2,0,82,8.5,4.5,5.7
Nữ,4,Kỹ thuật,6.62,5,9,5.5,18.3,Không,3,5,Có,Có,Có,Có,Có,Không,1,0,34,3.2,7.0,5.9
Nam,3,Kinh tế,4.86,1,3,1.9,5.1,Không,1,3,Có,Không,Có,Có,Thi thoảng,Có,5,0,55,5.1,8.5,7.5
Nam,3,Kỹ thuật,8.96,9,19,11.3,36.3,Có,4,3,Không,Có,Không,Có,Không,Không,5,0,37,5.0,3.5,4.0
Nữ,2,Kỹ thuật,6.46,3,9,5.4,15.3,Không,4,4,Không,Có,Có,Có,Có,Không,5,1,48,4.9,7.0,6.4
Nữ,2,Kinh tế,7.68,4,6,3.6,13.2,Không,5,2,Không,Có,Có,Không,Không,Không,2,2,40,3.3,6.5,5.5
Nữ,3,Kinh tế,8.08,6,16,9.7,28.2,Không,4,3,Có,Có,Không,Không,Có,Không,2,0,93,9.9,8.0,8.6
Nữ,2,Kinh tế,5.43,3,3,1.6,8.1,Không,5,2,Không,Không,Có,Có,Có,Không,2,2,38,2.7,5.0,4.3
Nữ,2,Kỹ thuật,7.28,4,9,5.3,16.8,Không,1,4,Có,Có,Không,Có,Thi thoảng,Không,2,1,83,7.8,7.0,7.2
Nữ,2,Kinh tế,8.19,7,21,12.7,35.7,Có,1,4,Không,Không,Có,Có,Không,Có,1,2,92,8.4,9.0,8.8
Nam,3,Kỹ thuật,7.05,3,7,4.1,12.9,Có,2,3,Có,Không,Có,Không,Có,Có,4,0,92,9.3,6.5,7.3
Nam,3,Kinh tế,7.06,3,6,3.4,11.7,Có,1,3,Có,Không,Không,Có,Không,Không,4,0,39,4.2,6.5,5.8
Nữ,2,Kinh tế,8.31,9,16,9.7,32.7,Có,4,4,Có,Có,Có,Không,Thi thoảng,Không,5,0,70,6.9,8.5,8.0
Nam,3,Kỹ thuật,9.0,8,23,14.0,39.6,Không,4,2,Không,Không,Có,Không,Không,Không,1,2,72,6.1,9.0,8.1
Nam,3,Kinh tế,5.25,1,4,2.4,6.3,Không,2,3,Có,Không,Có,Có,Không,Có,3,0,72,7.6,5.0,5.8
Nữ,2,Kinh tế,7.18,4,8,4.9,15.6,Có,3,2,Không,Không,Có,Có,Có,Không,5,3,63,5.3,7.0,6.5
Nữ,4,Kinh tế,9.56,6,25,14.9,39.0,Có,1,4,Không,Có,Không,Có,Có,Không,4,1,46,4.1,9.5,7.9
Nữ,2,Kinh tế,4.77,3,5,3.1,10.5,Không,3,4,Không,Không,Có,Không,Thi thoảng,Có,4,1,38,3.0,5.0,4.4
Nam,2,Kỹ thuật,7.52,4,9,5.4,16.8,Có,5,5,Không,Không,Có,Không,Thi thoảng,Không,4,0,82,8.4,7.0,7.4
Nữ,3,Kỹ thuật,5.86,1,1,0.9,2.7,Không,2,4,Có,Không,Có,Có,Có,Không,3,0,95,9.9,4.5,6.1
Nữ,2,Kỹ thuật,7.03,3,7,4.2,12.9,Không,2,4,Có,Không,Có,Có,Thi thoảng,Có,5,1,42,3.3,6.5,5.5
Nữ,2,Kỹ thuật,6.27,5,8,4.9,17.1,Không,2,3,Có,Không,Có,Không,Không,Không,4,0,49,4.8,6.5,6.0
Nam,4,Kinh tế,5.74,3,2,1.1,6.9,Không,2,5,Không,Không,Có,Có,Thi thoảng,Có,5,0,34,3.9,4.5,4.3
Nữ,3,Kinh tế,7.15,4,11,6.7,19.2,Có,5,3,Không,Không,Có,Có,Thi thoảng,Không,4,3,80,7.1,7.5,7.4
Nam,4,Kinh tế,7.35,4,8,4.6,15.6,Có,4,4,Có,Không,Có,Có,Thi thoảng,Không,4,2,92,8.7,7.0,7.5
Nữ,2,Kinh tế,6.64,3,6,3.6,11.7,Không,3,2,Không,Không,Có,Có,Thi thoảng,Có,2,2,54,5.1,6.5,6.1
Nữ,2,Kỹ thuật,5.79,2,3,1.9,6.6,Không,4,2,Không,Không,Có,Có,Không,Có,3,3,94,8.6,5.0,6.1
Nam,4,Kỹ thuật,7.44,5,9,5.3,18.3,Không,1,4,Có,Có,Không,Có,Không,Không,1,1,48,3.9,7.0,6.1
Nữ,3,Kinh tế,4.78,2,1,0.6,4.2,Không,5,3,Có,Không,Có,Có,Không,Có,1,2,92,8.0,4.0,5.2
Nữ,4,Kinh tế,6.03,5,11,6.6,20.7,Không,3,2,Có,Không,Có,Có,Không,Không,2,2,95,9.5,7.0,7.8
Nữ,4,Kỹ thuật,5.78,3,1,0.5,5.7,Không,2,2,Không,Không,Có,Có,Không,Có,3,0,61,6.7,4.5,5.2
Nam,3,Kỹ thuật,7.51,5,7,4.2,15.9,Không,4,5,Có,Có,Có,Có,Không,Không,1,2,75,7.2,7.0,7.1
Nữ,2,Kỹ thuật,5.26,3,1,0.7,5.7,Không,5,4,Không,Không,Có,Có,Có,Có,5,0,87,9.4,4.0,5.6
Nữ,4,Kinh tế,7.45,4,11,6.7,19.2,Không,4,2,Có,Có,Có,Không,Có,Có,1,0,81,8.2,7.5,7.7
Nữ,3,Kinh tế,7.41,5,9,5.4,18.3,Không,3,4,Không,Không,Có,Có,Không,Có,2,2,33,3.3,7.0,5.9
Nữ,3,Kỹ thuật,7.52,4,12,7.2,20.4,Không,2,4,Không,Có,Không,Có,Có,Có,1,1,43,5.1,7.5,6.8
Nam,3,Kinh tế,6.92,3,10,6.0,16.5,Không,4,4,Không,Có,Không,Có,Không,Không,1,0,90,9.0,7.0,7.6
Nam,2,Kinh tế,4.86,1,1,0.5,2.7,Có,2,2,Không,Không,Có,Có,Có,Có,4,3,59,4.5,4.0,4.1
Nữ,3,Kỹ thuật,7.44,4,9,5.3,16.8,Có,1,5,Có,Không,Có,Không,Thi thoảng,Có,3,0,95,9.1,7.0,7.6
Nam,2,Kỹ thuật,5.98,2,5,3.0,9.0,Không,3,2,Không,Có,Có,Có,Có,Có,1,0,75,6.7,5.5,5.9
Nam,2,Kỹ thuật,8.18,7,16,9.5,29.7,Không,5,5,Có,Có,Có,Có,Thi thoảng,Không,3,2,83,7.1,8.0,7.7
Nam,4,Kỹ thuật,7.14,3,7,4.3,12.9,Không,4,5,Không,Có,Không,Có,Thi thoảng,Có,2,0,35,4.1,6.5,5.8
Nữ,2,Kỹ thuật,7.45,4,10,6.1,18.0,Không,3,3,Không,Không,Có,Không,Thi thoảng,Có,3,1,71,7.4,7.5,7.5
Nữ,2,Kỹ thuật,4.57,2,4,2.4,7.8,Có,5,2,Có,Có,Có,Có,Thi thoảng,Có,4,1,57,6.3,4.5,5.0
Nam,3,Kỹ thuật,5.41,1,1,0.6,2.7,Không,1,2,Không,Không,Có,Có,Thi thoảng,Có,1,0,62,5.7,4.5,4.9
